姓,名,姓（カタカナ）,名（カタカナ）,性別,電話番号,メールアドレス,郵便番号,住所,,,,,生年月日,血液型,乱数
福沢,雫,フクザワ,シズク,女,0198872715,dpsiqo=omwqpybashizuku60744@afzeomt.zpxto.fc,029-2501,岩手県,気仙郡住田町,上有住,2-17,,1959-11-17,A,9279
藤巻,音羽,フジマキ,オトハ,女,0195475845,otoha_fujimaki@ovhihww.bys,027-0054,岩手県,宮古市,太田,3-17,,1974-05-24,O,3340
垣内,達郎,カキウチ,タツロウ,男,019458611,ukakiuchi@fwkxxbdagy.dzjug.bhs,028-6976,岩手県,二戸市,浄法寺町樋口,4-5-5,,1981-10-05,A,3451
安斎,治彦,アンザイ,ハルヒコ,男,019063675,haruhiko56689@xved.phpjn.bth,023-0887,岩手県,奥州市,水沢区矢中,2-10-18,水沢区矢中ロイヤル302,1980-10-13,AB,6311
森谷,芳人,モリヤ,ヨシヒト,男,0194226799,Yoshihito_Moriya@iqoekyvar.mw,028-4134,岩手県,盛岡市,玉山区下田,4-18-3,,2010-11-03,O,6080
大矢,理絵,オオヤ,リエ,女,0193238606,jjhiykhcqukw=rie042@rheiamcft.nglrv.yar,028-0481,岩手県,遠野市,小友町,2-1,,1998-02-11,A,5398
佐藤,雪絵,サトウ,ユキエ,女,0197059015,yukie192@gnnnghlw.kzq,028-7674,岩手県,八幡平市,家ノ裏,2-7-1,,1969-05-20,A,9334
外山,敬子,ソトヤマ,ケイコ,女,0199136807,keiko825@rhwz.to,028-6924,岩手県,二戸市,浄法寺町家ノ上,3-19-15,,2015-05-12,A,9897
森脇,欽也,モリワキ,キンヤ,男,0197558955,kinya_moriwaki@fvogchj.hm,027-0331,岩手県,宮古市,田老西向山,3-17-7,,1987-05-20,AB,6743
神野,美雨,カミノ,ミウ,女,0199367721,miu005@nzoffooje.ytg,028-0152,岩手県,花巻市,東和町毒沢,2-14-19,東和町毒沢コーポ211,1961-03-31,B,4434
本村,定男,モトムラ,サダオ,男,0192341883,sadaomotomura@uftmxqe.tn,029-4342,岩手県,奥州市,衣川区高保呂,2-14-4,,1978-11-27,O,2736
森永,忠広,モリナガ,タダヒロ,男,0195730842,omorinaga@giigkb.squ,021-0877,岩手県,一関市,城内,1-10,城内ロイヤル119,2003-05-08,O,5230
阿部,百花,アベ,モモカ,女,019417638,momoka712@ewiclkjc.kqz,026-0034,岩手県,釜石市,中妻町,4-4-20,中妻町タウン408,1965-07-16,O,1008
手島,勇吉,テジマ,ユウキチ,男,0195763379,itejima@wfxejrfzd.zz.pi,028-7674,岩手県,八幡平市,家ノ裏,1-1,家ノ裏の杜307,2004-05-06,O,1022
中島,明美,ナカシマ,アキメ,女,0195490340,akime759@buhzqj.aj,028-3625,岩手県,紫波郡矢巾町,室岡,3-2-19,プラチナ室岡206,1994-05-11,A,6026
高畑,誠治,タカハタ,セイジ,男,0199527976,seiji21226@xaoqgzvbp.hjki.wg,028-1114,岩手県,上閉伊郡大槌町,栄町,1-11-2,栄町ドリーム218,1992-08-20,B,3749
岩谷,春男,イワタニ,ハルオ,男,0192268268,haruo_iwatani@ailbzzjy.czmpl.uv,028-6303,岩手県,九戸郡軽米町,高家,1-3-4,高家荘414,1978-08-07,O,9828
高津,宗雄,タカツ,ムネオ,男,019238326,muneotakatsu@ntvnmhwca.xyb,027-0064,岩手県,宮古市,宮園,1-8-18,,2001-11-16,O,6321
三村,正敏,ミムラ,マサトシ,男,0191401180,masatoshi493@yywkndo.fic,027-0097,岩手県,宮古市,崎山,2-2-4,,2000-03-27,B,6294
加藤,耕一,カトウ,コウイチ,男,0195550325,kouichikatou@ktlzzl.wt,028-7906,岩手県,九戸郡洋野町,中野,1-5-18,,1966-10-16,O,9163
武藤,鈴音,タケフジ,スズネ,女,0193871396,Suzune_Takefuji@lqwt.bve,028-0066,岩手県,久慈市,中の橋,1-18-19,ステーション中の橋101,1966-08-16,AB,9722
岡,真理,オカ,マリ,女,0191986371,mari8482@hrfw.ymq.uol,023-0817,岩手県,奥州市,水沢区宮下町,3-16-19,ダイヤモンド水沢区宮下町114,1997-03-10,A,9458
高村,恭之,タカムラ,ヤスユキ,男,0197063191,yasuyuki_takamura@imeexcdahm.qw,025-0067,岩手県,花巻市,浅沢,4-6,,1997-02-01,B,3774
出口,玲二,デクチ,レイジ,男,0195866071,reiji5723@ycnxksdyi.unyje.in,027-0373,岩手県,宮古市,田老向新田,4-14-19,,2004-10-06,O,9653
二宮,正勝,ニノミヤ,マサカツ,男,0195166849,masakatsu_ninomiya@zzskkgxb.scy.gk,028-6982,岩手県,二戸市,浄法寺町焼切,1-11-15,ロイヤルパレス浄法寺町焼切316,1959-06-04,O,2173
高尾,飛鳥,タカオ,アスカ,女,0198418495,asukatakao@ufyzg.cov,027-0387,岩手県,宮古市,田老畑,4-9,,1969-03-17,A,8781
奥,弥太郎,オク,ヤタロウ,男,0193918561,yatarou6423@dukuq.fs,025-0321,岩手県,花巻市,金矢,4-18,金矢の杜314,1976-10-25,O,3321
真野,長吉,マノ,チョウキチ,男,0195117309,Choukichi_Mano@nqnvyvx.pgd,025-0032,岩手県,花巻市,上諏訪,4-3,,1995-02-28,O,6133
久保,崇,クボ,タカシ,男,0190211181,takashi8949@kngd.qrj,029-4304,岩手県,奥州市,衣川区外の沢,3-2,,1990-02-08,A,9087
富田,颯太,トミダ,ソウタ,男,0198541374,souta379@lomfevantx.qv.uho,028-3602,岩手県,紫波郡矢巾町,藤沢,3-2-1,,1985-02-06,O,9648
土屋,宏美,ツチヤ,ヒロミ,女,0195000224,hiromi474@ptxlsrevn.ws,020-0151,岩手県,岩手郡滝沢村,大釜,2-3,,2004-07-15,B,7308
江頭,喜作,エガシラ,キサク,男,0194575119,kisaku5613@lhtfacdrzf.kc,028-8301,岩手県,下閉伊郡普代村,馬場野,3-13,リバーサイド馬場野101,2001-06-27,A,5486
川添,信一,カワゾエ,シンイチ,男,0190309595,ikawazoe@doffzgzfq.eozy.zba,029-4427,岩手県,奥州市,衣川区陣場下,1-6-10,,1968-09-06,A,9800
浜野,靖子,ハマノ,ヤスコ,女,0194874048,yasukohamano@aoac.kr,029-0201,岩手県,一関市,川崎町門崎,4-16,,2009-04-29,O,5102
加賀,明美,カガ,アキメ,女,0190297177,ekaga@aqrgmdhd.zn,028-8405,岩手県,下閉伊郡田野畑村,南大芦,3-3,,2012-06-16,A,9454
門脇,鉄男,カドワキ,テツオ,男,0199270932,okadowaki@aruh.rnz,020-0851,岩手県,盛岡市,向中野,2-12-17,向中野グリーン401,1964-07-19,A,3967
木原,利津子,キハラ,リツコ,女,019203194,ritsuko319@dodyeeh.jhv.ack,028-7657,岩手県,八幡平市,栗木田,2-10,テラス栗木田206,1965-10-27,B,5495
栗原,鑑,クリハラ,アキラ,男,0191406223,akira1899@krzxfqfebr.pn,029-2208,岩手県,陸前高田市,広田町,4-8-7,,2001-05-25,A,9340
桑田,博美,クワタ,ヒロミ,女,0197996119,shw=-grhiromi9784@cbfbymz.net,028-6879,岩手県,二戸市,浄法寺町梅ノ木,4-4,,1997-06-23,A,4561
西,淳子,ニシ,ジュンコ,女,0198753511,junko78024@roeuf.jkisn.lci,028-6723,岩手県,二戸市,安比,1-15-14,安比の杜411,1965-11-20,O,6674
鈴木,英三,スズキ,エイゾウ,男,0193487694,eizou475@mthdhjyfkr.xt,027-0091,岩手県,宮古市,築地,1-5,コーポ築地400,1984-11-10,A,6079
保坂,蒼,ホサカ,アオイ,女,0197455633,aoi93730@bgfhpgbzg.prin.hhk,021-0821,岩手県,一関市,三関,1-2-18,三関ドリーム315,1972-11-12,B,4981
畑中,誠二,ハタナカ,セイジ,男,0193832421,seiji77221@fikdveqnw.ip.ma,028-6982,岩手県,二戸市,浄法寺町焼切,1-14,,1990-04-15,O,7081
古賀,雅也,コガ,マサヤ,男,0199849751,masaya1375@vjjt.js.fwu,027-0371,岩手県,宮古市,田老水沢,3-8-15,プレシャス田老水沢112,1980-08-20,A,5874
西,心春,ニシ,コハル,女,0190984295,koharu6509@banqxed.mppf.rkh,023-0892,岩手県,奥州市,水沢区釜田,3-13-8,水沢区釜田テラス403,1984-05-07,A,1785
新谷,璃乃,アラヤ,リノ,女,0196007079,rino73437@npswyk.ra,028-0112,岩手県,花巻市,東和町新地,2-7-20,,2011-12-08,A,8033
丹羽,富士雄,タンバ,フジオ,男,019155506,fujio7825@mxnoonuyfo.ykxoq.nol,028-7642,岩手県,八幡平市,勝善川原,4-2-11,ロイヤル勝善川原412,2002-02-11,B,5409
河本,彩子,カワモト,アヤコ,女,0197334915,ayako02280@stqupl.hj,025-0008,岩手県,花巻市,空港南,1-16-7,,1994-04-07,A,5764
波多野,唯花,ハタノ,ユイカ,女,0194422145,ahatano@egmlpeez.gdj,028-0111,岩手県,花巻市,東和町百ノ沢,1-11-8,,1962-06-13,AB,7806
松島,鈴子,マツシマ,スズコ,女,0195693533,Suzuko_Matsushima@gmzbawvnta.erz,028-4132,岩手県,盛岡市,玉山区渋民,2-7-16,,1976-08-20,B,4151
大原,歩実,オオハラ,アユミ,女,0192570644,ioohara@ftyjdk.zrsuu.fmn,026-0012,岩手県,釜石市,魚河岸,4-16-14,,1993-12-11,A,3258
粕谷,希実,カスヤ,ノゾミ,女,0197599717,Nozomi_Kasuya@xksr.bpmlu.ez,029-4387,岩手県,奥州市,衣川区下大森,4-17-6,ザ衣川区下大森106,1973-12-02,A,170
日高,百合子,ヒダカ,ユリコ,女,0197467458,yuriko718@djlzofjoxk.gmo,028-7534,岩手県,八幡平市,荒屋新町,3-1-11,プラチナ荒屋新町205,2002-11-08,A,3802
石本,隆,イシモト,タカシ,男,0194098272,takashiishimoto@rbbpfq.ola,028-3614,岩手県,紫波郡矢巾町,又兵エ新田,4-5-7,,1970-04-11,B,1671
杉原,毅,スギハラ,タケシ,男,0194645837,takeshi9667@flowobt.zuk,027-0042,岩手県,宮古市,神田沢町,2-8-5,,2012-01-15,O,907
村山,佳奈子,ムラヤマ,カナコ,女,0194643732,kanako_murayama@autc.mryii.ms,029-4361,岩手県,奥州市,衣川区長嚢,1-1-11,衣川区長嚢パレス110,1972-01-11,B,3596
大畑,和利,オオハタ,カズトシ,男,0194596611,kazutoshi_oohata@wsvunfkc.ymg,028-0303,岩手県,遠野市,宮守町下鱒沢,3-13-8,,1962-11-03,B,918
重田,充照,シゲタ,ミツテル,男,0193713076,zogegzhpbprdjmitsuteru72297@vqskgevll.ya,029-3405,岩手県,東磐井郡藤沢町,藤沢,1-12,,1975-04-03,A,1632
岡山,幸司,オカヤマ,コウジ,男,0199103789,iokayama@eeeyudm.bp,028-5712,岩手県,二戸市,野々上,1-19-16,ザ野々上305,1991-11-21,A,7641
山川,春佳,ヤマカワ,ハルカ,女,0191166580,haruka284@srlvgttvct.ofr,028-3532,岩手県,紫波郡紫波町,船久保,3-20-18,,1984-06-21,A,5841
園田,雅春,ソノダ,マサハル,男,0199065066,usonoda@sbueqt.jws,020-0055,岩手県,盛岡市,繋,2-18-3,繋庵418,1963-12-30,AB,1243
足立,亜抄子,アダチ,アサコ,女,0191009913,oadachi@nftfqhozg.eb,029-5616,岩手県,和賀郡西和賀町,沢内泉沢,1-9-5,,2005-05-17,A,6923
香川,咲希,カガワ,サキ,女,0196709374,saki881@usjptrwv.vk,027-0038,岩手県,宮古市,小山田,4-14-8,,1971-05-15,A,294
迫田,麗奈,サコタ,レナ,女,0197167122,rena175@pjyir.tu,029-4205,岩手県,奥州市,前沢区大袋,3-2-7,前沢区大袋ハウス316,1970-12-08,B,6861
岩瀬,智恵理,イワセ,チエリ,女,0192984773,chieriiwase@kynqmclxu.biwwk.wl,027-0304,岩手県,宮古市,田老ケラス,2-15-1,,1976-02-09,AB,5649
広瀬,佳代,ヒロセ,カヨ,女,0195288483,kayohirose@yhntkay.es,028-7302,岩手県,八幡平市,八幡平温泉郷,4-20-20,,1987-01-15,AB,6414
若林,宗一,ワカバヤシ,ソウイチ,男,019745094,souichi12005@qectouybhp.bd.fyg,028-7302,岩手県,八幡平市,八幡平温泉郷,4-3-15,八幡平温泉郷荘209,1962-02-11,O,5721
篠原,晴子,シノハラ,ハルコ,女,019233819,quxzniscrui=oharuko551@bhmwvbp.rl,027-0322,岩手県,宮古市,田老青砂里,1-15-20,,2016-01-29,A,9612
笹川,康男,ササガワ,ヤスオ,男,0194918584,yasuosasagawa@cdhtn.tm,021-0011,岩手県,一関市,山目町,4-11-20,山目町パレス113,1973-04-23,A,9881
小宮,正司,コミヤ,マサシ,男,0193159052,Masashi_Komiya@edypxck.od.poj,020-0584,岩手県,岩手郡雫石町,西根,4-14-17,コンフォート西根102,2015-07-26,AB,4752
松野,肇,マツノ,ハジメ,男,0195363844,uslimncwxaskkshajime008@vpngkkqw.zmh,027-0021,岩手県,宮古市,藤原,3-4,リバーサイド藤原417,1980-11-03,A,9034
関本,瑞樹,セキモト,ミズキ,女,0194506227,mizukisekimoto@pviriagi.bxx,029-4102,岩手県,西磐井郡平泉町,平泉,2-20-10,,1998-04-05,O,2948
石川,花穂,イシカワ,カホ,女,0193302932,kaho4070@nnnkzwtcj.hx.xsw,029-4208,岩手県,奥州市,前沢区大林寺下,2-2,,1993-10-26,A,4677
南田,浩二,ミナミダ,コウジ,男,0197419357,kouji4979@rwhdatie.fd,026-0052,岩手県,釜石市,小佐野町,3-3,,1975-04-17,A,8079
坂口,香澄,サカグチ,カスミ,女,0195249188,kasumi672@iwguik.opp,028-0151,岩手県,花巻市,東和町落合,1-4-4,ガーデン東和町落合111,1998-02-14,O,8808
林,春花,ハヤシ,ハルカ,女,0198453153,haruka108@hcczmtq.bva,028-2711,岩手県,盛岡市,玉山区薮川,2-13-19,ロイヤル玉山区薮川109,2007-07-05,B,4488
赤木,金一,アカギ,キンイチ,男,0191722765,kinichiakagi@zuexhrunhy.tx,029-2203,岩手県,陸前高田市,竹駒町,1-7-19,,2002-01-16,A,8353
難波,昌二,ナンバ,ショウジ,男,019867923,shouji_namba@czphs.iki,021-0844,岩手県,一関市,反町,4-14,反町ヒル210,1978-06-25,AB,5083
上野,秀夫,アガノ,ヒデオ,男,0191926108,bkllxbuy-ghrxlhideo198@odaymbl.xe,028-0153,岩手県,花巻市,東和町中内,4-7-18,東和町中内マンション206,1975-09-22,B,3268
松村,元,マツムラ,ハジメ,男,0190077298,hajimematsumura@vdityzpwnc.km,027-0074,岩手県,宮古市,保久田,3-7-19,,2015-05-09,A,391
渋谷,真吉,シブヤ,シンキチ,男,019418867,shinkichi782@olulbrcl.vdb,028-3453,岩手県,紫波郡紫波町,土舘,2-18-17,ダイヤモンド土舘412,1980-05-04,AB,628
草野,誠子,クサノ,マサコ,女,0191417261,masako_kusano@ixngovzu.pfk,028-3531,岩手県,紫波郡紫波町,山屋,1-5,,1973-05-13,A,8446
工藤,春華,クドウ,ハルカ,女,0195521294,akudou@etvhsn.cd,028-0772,岩手県,遠野市,上郷町細越,3-18,上郷町細越テラス101,1997-08-26,A,6296
高木,恵美,タカギ,エミ,女,0198239265,Emi_Takagi@wzbmkz.lqu,025-0042,岩手県,花巻市,円万寺,4-10-3,円万寺コンフォート211,2010-11-21,B,7911
長谷,昭吉,ナガヤ,ショウキチ,男,0196156450,shoukichi345@mlsdrlls.qwsma.ld,028-7562,岩手県,八幡平市,五日市,4-8,ヴィレッジ五日市317,2013-04-01,B,750
並木,和香,ナミキ,ワカ,女,0194016397,waka540@myoaqit.gyc,028-3624,岩手県,紫波郡矢巾町,北伝法寺,3-19-9,,1988-06-09,A,6704
田島,孝夫,タジマ,タカオ,男,0197502689,takao66334@zapoimyxsu.lumv.brl,028-8401,岩手県,下閉伊郡田野畑村,奥地向,4-17-16,,2010-12-24,A,9789
河本,完治,カワモト,カンジ,男,0193318246,opxobp-kanji30469@gwouogcee.ofn,020-0137,岩手県,盛岡市,天昌寺町,3-8,天昌寺町スカイ305,2006-02-22,A,3858
高津,秋友,タカツ,アキトモ,男,0195861340,klmcbkolfatakitomo6737@tnhfcrf.yd,027-0356,岩手県,宮古市,田老和山,2-12,田老和山荘401,2018-04-05,A,8536
水口,妙子,ミズグチ,タエコ,女,0192478255,taeko0094@dtjgu.cjjss.yi,025-0085,岩手県,花巻市,双葉町,3-13,,2007-09-01,A,9702
津村,麻里子,ツムラ,マリコ,女,0193528081,mariko_tsumura@zurumhyfrj.rwg,028-7303,岩手県,八幡平市,柏台,2-18-20,柏台グランド218,1982-12-26,B,971
井田,光夫,イダ,ミツオ,男,0195081504,oida@onwvra.njxhv.tm,027-0026,岩手県,宮古市,上村,3-13-14,上村ロイヤル412,1986-11-09,B,7642
稲田,由子,イナダ,ユウコ,女,0199347453,yuuko23569@pfua.kskh.vs,022-0002,岩手県,大船渡市,大船渡町,4-20-4,,1995-01-11,B,6857
原田,孝,ハラダ,タカシ,男,0190682111,zdncyg=lni-ftakashi9943@wzmhvwstd.othf.dg,021-0008,岩手県,一関市,石畑,3-10,,1960-05-29,A,5095
鳴海,安子,ナルミ,ヤスコ,女,0198304315,yasuko407@sfkjpbhlqg.gr,028-3162,岩手県,花巻市,石鳥谷町西中島,2-2-12,,2006-06-25,B,6959
丸田,孝吉,マルタ,コウキチ,男,0198043917,koukichi12498@rkawmirc.bf.ogd,028-8405,岩手県,下閉伊郡田野畑村,切牛,3-3-10,,1995-06-19,A,6332
滝田,誓三,タキタ,セイゾウ,男,0194075075,Seizou_Takita@hwycqc.ram,028-6871,岩手県,二戸市,浄法寺町安戸,4-12,,2015-01-19,A,8731
前原,明彦,マエハラ,アキヒコ,男,0199010141,rhyyf=akihiko113@jrgkgy.nwig.qx,029-4382,岩手県,奥州市,衣川区関袋,3-13-6,,1984-04-28,O,364
大西,武信,オオニシ,タケノブ,男,0195611165,lqihjonjrcftakenobu14259@reafnqkvg.lj,027-0423,岩手県,下閉伊郡岩泉町,中里,1-10-14,中里庵108,2013-07-22,O,3123
中,蒼依,ナカ,アオイ,女,0193283801,inaka@moecnayft.zsa,028-6722,岩手県,二戸市,福田,3-2-13,,1978-04-29,A,7537
塚田,清志,ツカダ,キヨシ,男,0199913182,kiyoshi3907@brfq.tpqfy.ql,028-6958,岩手県,二戸市,浄法寺町大手,4-4,,1990-06-21,A,61
橋本,茂雄,ハシモト,シゲオ,男,019570575,shigeo6669@tasn.git,028-5316,岩手県,二戸郡一戸町,岩舘,3-9-10,岩舘マンション110,1980-10-28,A,6491
黒川,雄也,クロカワ,ユウヤ,男,0190437454,yuuya7886@kkwahz.aw,020-0132,岩手県,盛岡市,西青山,4-2-7,キャッスル西青山114,2014-11-17,O,1676
大熊,秀吉,オオクマ,ヒデキチ,男,0197400496,Hidekichi_Ookuma@hrdqh.vlr,021-0814,岩手県,一関市,北ほうりょう,1-8-18,,1993-07-13,B,2521
神山,美穂子,カミヤマ,ミホコ,女,0190910962,mihoko44377@zgyfy.dr,028-7502,岩手県,八幡平市,上岩木,4-4-10,上岩木ヒル311,1990-09-05,AB,4213
三島,洋次,ミシマ,ヨウジ,男,0191312577,youji749@zbvsabstcr.ui,028-5712,岩手県,二戸市,野々上,2-3-9,,2014-09-08,O,900
矢野,健太,ヤノ,ケンタ,男,0194213126,kenta470@zoifznaz.pw,029-5701,岩手県,和賀郡西和賀町,沢内川舟,3-1-13,グランド沢内川舟216,2004-04-02,O,7580
永山,隆一,ナガヤマ,リュウイチ,男,0191822097,pqsulihex=uryuuichi8592@keupmizon.qac,020-0803,岩手県,盛岡市,新庄,1-2-2,パーク新庄319,1975-08-02,A,7555
小沼,由実,オヌマ,ユミ,女,0190562489,yumi03692@qshtsb.tpz,028-0081,岩手県,久慈市,西の沢,4-11,西の沢プレイス106,1989-03-18,A,6568
芳賀,邦久,ハガ,クニヒサ,男,0198705258,ahaga@fahquqnv.qqw,028-3536,岩手県,紫波郡紫波町,北田,4-7,ザ北田208,2011-05-02,O,7728
楠本,武司,クスモト,タケシ,男,0193922511,ikusumoto@wdzsanawuh.ruz,020-0173,岩手県,岩手郡滝沢村,滝沢,2-16-18,リバーサイド滝沢112,1971-06-09,O,7342
仲田,円,ナカダ,マドカ,女,0198202962,madoka2042@kvudth.oe,028-4424,岩手県,岩手郡岩手町,黒石,2-11-18,黒石シーサイド102,1999-02-22,B,173
下川,正平,シモカワ,ショウヘイ,男,0199765760,shouhei_shimokawa@zmtwjqqk.pf,029-4492,岩手県,奥州市,衣川区下立沢,2-12,衣川区下立沢グリーン117,1967-05-11,B,7343
日野,政昭,ヒノ,マサアキ,男,0198581427,masaaki10809@dcdagie.lvt,028-7629,岩手県,八幡平市,白沢口,2-2-11,白沢口コート417,1967-01-24,O,2973
高津,陽一,タカツ,ヨウイチ,男,0193557047,qrukurdrhyouichi94835@zfohxz.wh.pa,023-0041,岩手県,奥州市,水沢区秋葉町,4-9-15,,1987-07-08,O,268
的場,悠,マトバ,ハルカ,女,0191045747,amatoba@ickw.med.pb,029-4205,岩手県,奥州市,前沢区衣関,1-16-10,,2013-03-08,O,1581
高坂,秀加,コウサカ,ヒデカ,女,0192115901,hidekakousaka@uqnfj.dp,029-4207,岩手県,奥州市,前沢区一本杉,3-1-12,,1975-02-10,B,1094
岩井,弓子,イワイ,ユミコ,女,019771101,vtcmkwvyumiko2339@cwulehemql.eqk,027-0071,岩手県,宮古市,小沢,4-6-20,小沢シティ101,1970-11-20,O,2817
西本,哲美,ニシモト,テツミ,女,0194271452,inishimoto@wshdeqoozv.szt,028-0135,岩手県,花巻市,東和町倉沢,2-4-8,シティ東和町倉沢216,1986-10-08,A,4056
内野,由子,ウチノ,ユウコ,女,0199279978,ouchino@ifccfnfjpe.mcq.iiw,028-7906,岩手県,九戸郡洋野町,中野,2-10,中野荘214,1982-10-12,O,1682
尾崎,結依,オザキ,ユイ,女,0191415177,ootzjwjyyui40239@fudskv.bsxr.ls,022-0002,岩手県,大船渡市,大船渡町,1-7-20,リバーサイド大船渡町205,1971-03-17,B,4831
東,優,アズマ,マサル,男,0197933444,masaruazuma@eulcpi.haa,029-4354,岩手県,奥州市,衣川区除,2-4-1,ドリーム衣川区除107,1991-07-10,A,718
川嶋,秀雄,カワシマ,ヒデオ,男,0198077701,hideo4766@qjfalzerl.vr.nd,028-3607,岩手県,紫波郡矢巾町,高水寺,4-12-17,,2015-09-05,O,6288
柴田,初男,シバタ,ハツオ,男,0192986994,Hatsuo_Shibata@xgaqus.ysy,028-7662,岩手県,八幡平市,杉沢,1-12-7,コンフォート杉沢419,1996-12-23,O,2735
天野,一雄,アマノ,カズオ,男,019619318,kazuo1050@mjodim.ux.fkg,029-5701,岩手県,和賀郡西和賀町,沢内川舟,2-14-18,沢内川舟アパート100,1959-02-21,B,1110
森口,鈴音,モリグチ,スズネ,女,019189121,suzune263@krbxh.kkz.kk,020-0104,岩手県,盛岡市,小鳥沢,1-16,,2004-12-06,A,6222
碓井,美久,ウスイ,ミク,女,0191123088,w-fioibvbkumiku8962@ihjuwrwgeg.ie,025-0036,岩手県,花巻市,中根子,2-16-17,中根子コート206,1986-08-28,O,2553
中山,善成,ナカヤマ,ヨシナリ,男,0198100213,Yoshinari_Nakayama@lczuqmpk.bbt,027-0094,岩手県,宮古市,日の出町,2-10-3,日の出町ステージ209,1989-01-23,A,8218
滝田,実結,タキタ,ミユ,女,0193052765,miyu36261@njguvaptnu.heg.cxh,029-5513,岩手県,和賀郡西和賀町,甲子５１地割,3-3,甲子５１地割ハイツ410,2009-10-04,AB,8617
諸星,亘,モロボシ,ワタル,男,0192281819,watarumoroboshi@raglaij.weeag.gbt,028-7655,岩手県,八幡平市,馬揚沢,4-11-11,,1964-10-30,O,1424
稲村,成良,イナムラ,ナルヨシ,男,0199765802,naruyoshi04553@uexhzr.ymddr.xo,021-0884,岩手県,一関市,大手町,3-19,,1974-01-22,AB,362
玉木,優斗,タマギ,ユウト,男,0199608356,yuutotamagi@ndpjrvpt.rd,027-0033,岩手県,宮古市,金浜,4-20,金浜テラス212,2005-12-30,O,6443
樋口,一正,ヒグチ,カズマサ,男,0190183168,kazumasa0746@cawgrazcb.jb,027-0333,岩手県,宮古市,田老古田,4-13-19,,2017-04-11,B,7051
新村,正俊,ニイムラ,マサトシ,男,0193078036,masatoshi841@cvkffyw.hl,028-6936,岩手県,二戸市,浄法寺町長渡路,3-9-9,,2015-04-17,A,2965
小島,玲二,オジマ,レイジ,男,0197695734,reiji2404@wgnci.hl,023-0092,岩手県,奥州市,水沢区北半郷,3-13-6,,1990-07-18,O,6261
柳,綾香,ヤナギ,アヤカ,女,019898986,ayaka3303@sulpqytngz.zbk,020-0311,岩手県,盛岡市,簗川,1-2-8,,1985-12-25,A,1484
新田,勝義,ニッタ,カツヨシ,男,0194894612,katsuyoshi2486@yhqpdymhnk.cm.nx,027-0354,岩手県,宮古市,田老森崎,4-5-20,,2017-09-04,B,8486
小野田,浩子,オノダ,ヒロコ,女,0190226371,oojteu-dtqhiroko8609@qemoci.ght.lz,027-0376,岩手県,宮古市,田老青野滝南,4-15-2,田老青野滝南庵311,1988-10-15,B,5954
榎本,公男,エノモト,キミオ,男,0190633623,kimioenomoto@jvcgh.qy,025-0313,岩手県,花巻市,二枚橋町北,4-3-2,,2001-03-29,B,4022
有馬,順子,アリマ,ジュンコ,女,0194433290,junko_arima@erlmpiiv.nkv,029-4207,岩手県,奥州市,前沢区三日町浦,1-17,,1991-08-07,B,4949
秋山,真実,アキヤマ,マミ,女,0193503482,iakiyama@uwrgzkf.rxg,028-3151,岩手県,花巻市,石鳥谷町江曽,4-9-20,,1974-02-23,A,789
西沢,健一,ニシザワ,ケンイチ,男,0197748778,Kenichi_Nishizawa@nulgfmoawg.ltl,024-0211,岩手県,北上市,口内町,2-8-12,,2016-04-25,B,5703
森岡,剛,モリオカ,タケシ,男,0193660298,takeshi372@mwoqmgm.am.fk,020-0002,岩手県,盛岡市,桜台,3-3,,1985-12-24,A,6801
上原,心音,ウエハラ,ココネ,女,0191314397,kokone19635@gpstfa.yl,028-1122,岩手県,上閉伊郡大槌町,桜木町,4-2-16,桜木町ヴィレッジ410,2009-01-26,O,7258
和田,乙葉,ワダ,オトハ,女,0197229066,otoha72833@gkcwsjbmx.lr,028-5312,岩手県,二戸郡一戸町,一戸,4-16-6,一戸スイート409,1989-11-02,A,9461
比嘉,美緒,ヒガ,ミオ,女,0194021534,pfbhnophmmio73127@xqjlei.cyq,029-4389,岩手県,奥州市,衣川区長板沢,3-16-8,,1998-03-13,B,8538
臼井,義行,ウスイ,ヨシユキ,男,0195359178,yoshiyuki313@nctbaoz.dg,023-0083,岩手県,奥州市,水沢区前郷,3-18-3,水沢区前郷ハウス312,1983-07-22,A,1129
前島,千春,マエジマ,チハル,女,0197095824,chiharu3139@actblnekzh.yw,028-8801,岩手県,九戸郡洋野町,上館,1-18-7,,2017-10-03,A,1765
橋口,芳美,ハシグチ,ヨシミ,女,0190518843,ihashiguchi@nqhg.fgx,028-2231,岩手県,下閉伊郡岩泉町,浅内,1-20-11,,2002-07-18,B,2216
金田,美涼,カナダ,ミスズ,女,0194671654,misuzukanada@amvfxu.cy,028-6917,岩手県,二戸市,浄法寺町大清水前田,1-15-8,,1974-03-30,AB,7803
河野,知里,カワノ,チサト,女,0195694265,chisato_kawano@onqrtk.jwo,028-6833,岩手県,二戸市,浄法寺町漆沢,3-5-20,,2010-05-23,A,607
坂上,繁男,サカガミ,シゲオ,男,019929381,shigeo374@enpdmlo.ccf,026-0013,岩手県,釜石市,浜町,2-2-3,浜町ヒル417,1990-10-20,O,6312
中村,萌衣,ナカムラ,メイ,女,0197540016,inakamura@yxineemh.ebf,028-6966,岩手県,二戸市,浄法寺町海上,2-13-8,,1987-03-11,O,5038
依田,美代,イダ,ミヨ,女,0198611234,miyo664@jdnzgnvz.nhz,027-0056,岩手県,宮古市,近内,1-12-10,,1968-11-10,A,7821
平塚,実咲,ヒラツカ,ミサキ,女,0193191941,bgdklroctxmisaki5938@uibdfvtf.ktr,028-0524,岩手県,遠野市,新町,2-2,フォレスト新町107,1992-08-26,A,7902
飯塚,希美,イイヅカ,キミ,女,0191488449,awctakrgzfnh-dkimi0106@vtgf.je.iwy,028-0663,岩手県,遠野市,附馬牛町下附馬牛,4-4-3,附馬牛町下附馬牛荘116,2014-11-23,A,5771
梅津,碧,ウメヅ,ミドリ,女,0192468618,ttnzxldhmidori671@dysx.xxh,024-0035,岩手県,北上市,花園町,2-10,,1975-01-19,A,1734
植村,克宏,ウエムラ,カツヒロ,男,0196163536,katsuhiro_uemura@fbdazyly.vw.ri,028-5221,岩手県,二戸郡一戸町,小鳥谷,4-7,,1991-05-21,B,1478
桑田,昌一郎,クワタ,ショウイチロウ,男,019507130,shouichirou3979@chmtpx.dhkwr.sz,028-6106,岩手県,二戸市,仁左平,4-5,仁左平ダイヤモンド413,2014-07-11,A,4273
篠崎,弥生,シノザキ,ヤヨイ,女,0194876840,Yayoi_Shinozaki@kmkvmatpmp.ht,024-0074,岩手県,北上市,滑田,1-16-17,キャッスル滑田111,1968-07-23,O,3490
菅原,愛子,スガハラ,アイコ,女,0198184045,aiko307@dijepo.idk,023-0811,岩手県,奥州市,水沢区寺小路,4-11-12,,1978-05-30,O,7110
寺尾,幸子,テラオ,サチコ,女,0195290949,sachiko1505@htlxsoaoin.kdu,024-0051,岩手県,北上市,相去町,4-16-15,シティ相去町218,2016-03-24,O,3954
猪股,日向子,イノマタ,ヒナコ,女,0197264985,hinako004@zpzmiilb.ee,020-0136,岩手県,盛岡市,北天昌寺町,4-18-3,,1998-04-16,O,842
外山,佳音,ソトヤマ,カノン,女,0198499768,kanon459@oacji.evh,028-4307,岩手県,岩手郡岩手町,五日市,2-18-17,タウン五日市410,1992-02-02,O,9456
有馬,有紗,アリマ,アリサ,女,0197710843,arisaarima@kapt.ii,028-4425,岩手県,岩手郡岩手町,葉木田,4-14-13,,1976-04-15,A,1133
松永,重治,マツナガ,シゲハル,男,0192451062,Shigeharu_Matsunaga@famzojicbz.hp.ujg,028-6927,岩手県,二戸市,浄法寺町湯沢,3-1,,1995-10-09,B,6294
須藤,美愛,スドウ,ミア,女,0194307151,mia93472@ltifr.srg,028-6223,岩手県,九戸郡軽米町,狄塚,2-10,狄塚シーサイド414,1967-06-01,O,1065
谷口,澪,タニグチ,ミオ,女,0198403884,mio52910@wxyrgu.muhvc.bwx,028-7676,岩手県,八幡平市,沢口,3-4,,1990-07-17,O,5655
寺本,明憲,テラモト,アキノリ,男,0198744074,iteramoto@kmyoufhm.ktnml.qyq,028-6937,岩手県,二戸市,浄法寺町大畑,1-5-17,,1982-12-12,B,5919
小野寺,順子,オノデラ,ジュンコ,女,0190559831,junko768@hjtk.whqwr.vy,029-4205,岩手県,奥州市,前沢区照井舘,4-11-17,,1972-08-05,B,3995
永島,愛子,ナガシマ,アイコ,女,0194093618,aiko15525@qqsjtym.tq.mk,028-5711,岩手県,二戸市,金田一,1-6-1,金田一ハウス103,1986-05-09,A,5705
室井,天音,ムロイ,アマネ,女,0192685017,amanemuroi@tzqjgunzop.nmwz.dp,026-0304,岩手県,釜石市,両石町,1-3-6,両石町プレシャス414,1963-04-01,O,3481
大浦,朋子,オオウラ,トモコ,女,0197406268,tomoko_ooura@ousv.mqiy.es,020-0864,岩手県,盛岡市,西仙北,1-3-20,,2005-04-20,O,6586
高原,由佳利,タカハラ,ユカリ,女,0195839032,yukari005@gkbkmc.khr,020-0878,岩手県,盛岡市,肴町,3-13-17,,1973-08-27,A,2530
大川,留吉,オオカワ,トメキチ,男,0198462285,tomekichi310@ercmfgiopx.ee.vo,028-1102,岩手県,上閉伊郡大槌町,赤浜,1-9-8,,1980-01-30,B,3333
明石,留吉,アカイシ,トメキチ,男,019277488,tomekichi_akaishi@bucgyjman.gnk,029-0522,岩手県,一関市,大東町曽慶,1-7-12,,1959-05-28,A,2208
本多,柑奈,ホンダ,カンナ,女,019476844,kamnahonda@rtfscbbzby.yp,025-0038,岩手県,花巻市,不動町,2-4-9,ロイヤル不動町108,1972-09-23,O,4387
菅沼,初男,スガヌマ,ハツオ,男,0198332289,hatsuo6626@bxrk.pqcn.klc,023-1762,岩手県,奥州市,江刺区藤里,1-7-3,江刺区藤里ハウス300,1998-10-19,B,2292
南部,希望,ナンブ,ノゾミ,女,0198500080,nozomi_nambu@tdvrplepb.ys,024-0334,岩手県,北上市,和賀町藤根,3-15-3,,1966-09-06,A,5566
五味,喜久雄,ゴミ,キクオ,男,019938968,kikuogomi@oavzpegde.xyl,028-8401,岩手県,下閉伊郡田野畑村,田代,1-11,,1989-06-02,AB,1260
菅井,進也,スガイ,シンヤ,男,0192121658,shinya75562@qobidulyzm.emb,028-7906,岩手県,九戸郡洋野町,中野,2-2-13,,1989-04-19,O,2093
吉川,英次,ヨシカワ,エイジ,男,0197100358,pjgmvsvvueiji61027@uyeeple.ak,023-0025,岩手県,奥州市,水沢区高網,4-11-17,,2004-12-27,O,8857
持田,圭子,モチダ,ケイコ,女,0191843741,keiko359@oiokpguks.rm.ai,020-0013,岩手県,盛岡市,愛宕町,3-10-9,,2017-09-24,O,299
江頭,小夏,エガシラ,コナツ,女,0192990530,konatsu041@sbwrd.aza.rm,029-4347,岩手県,奥州市,衣川区大西,3-11-3,,1971-02-04,B,933
森本,長治,モリモト,チョウジ,男,0190374200,chouji_morimoto@hdfgmxaeu.yj,028-5304,岩手県,二戸郡一戸町,出ル町,1-19,出ル町ランド101,1980-09-06,O,8262
中里,御喜家,ナカザト,ミキヤ,男,0195995328,mikiya_nakazato@adikpj.jx,029-4437,岩手県,奥州市,衣川区唐金,3-15-11,,1985-02-22,A,209
五味,十三,ゴミ,ジュウゾウ,男,0194097150,Juuzou_Gomi@comwg.qwi,029-4202,岩手県,奥州市,前沢区白山,4-11-16,,1981-01-24,A,1179
目黒,藍子,メグロ,アイコ,女,0192807784,aiko_meguro@mqznjsuoec.ss,028-8401,岩手県,下閉伊郡田野畑村,一の渡,1-9,一の渡ハウス408,1961-05-22,A,8852
塩見,音羽,シオミ,オトハ,女,01978745,otohashiomi@iqof.lhu,028-8401,岩手県,下閉伊郡田野畑村,奥地,3-2,プラザ奥地213,2014-02-17,A,8289
野原,克宏,ノハラ,カツヒロ,男,019531691,katsuhiro116@zuhlaplq.yefn.np,028-0772,岩手県,遠野市,上郷町細越,2-1-7,上郷町細越キャッスル104,1977-03-15,A,7060
羽鳥,美香,ハトリ,ミカ,女,0194613563,mika9802@mmejsbvbcf.qbz,020-0823,岩手県,盛岡市,門,3-7-17,,2010-12-20,A,5746
畠中,守弘,ハタナカ,モリヒロ,男,0197320971,morihiro2124@fcpodiyd.ev,028-7626,岩手県,八幡平市,戸鎖,3-11-11,戸鎖プレシャス113,2009-01-18,B,2207
市原,沙弥,イチハラ,サヤ,女,0195098454,zz=ceksaya128@saslteslwq.dz,029-4406,岩手県,奥州市,衣川区大坂,2-6-3,,1980-11-29,B,2418
筒井,清蔵,ツツイ,セイゾウ,男,019740710,seizou50628@nnvgqiwpod.olo,028-7906,岩手県,九戸郡洋野町,中野,3-18-10,,1965-02-02,A,3230
池田,泰子,イケダ,ヤスコ,女,0192822447,yasuko27999@elazdzb.qhcb.bg,020-0839,岩手県,盛岡市,津志田南,1-19-3,津志田南荘118,2001-03-03,A,5132
宇都宮,菊男,ウツノミヤ,キクオ,男,0194307400,outsunomiya@jqgptba.eeg,022-0004,岩手県,大船渡市,猪川町,4-17-1,猪川町ランド300,1958-10-20,B,824
南部,菜央,ナンブ,ナオ,女,0193110626,onambu@hgyvsc.eaw,023-0019,岩手県,奥州市,水沢区築舘,1-18,,1962-11-19,B,8718
南部,奈緒美,ナンブ,ナオミ,女,0190480217,naomi01837@woprbx.ob.dw,029-2205,岩手県,陸前高田市,高田町,1-15-19,,2005-11-01,A,5274
玉木,勇吉,タマギ,ユウキチ,男,0191571282,x-dorvfmyuukichi0908@qljfdklms.zii,020-0878,岩手県,盛岡市,肴町,2-17-18,,2006-06-30,B,4101
杉山,晴美,スギヤマ,ハルミ,女,0191250789,harumi9410@gerjyv.qz,024-0031,岩手県,北上市,青柳町,2-7,青柳町タウン415,2008-05-09,O,7522
吉永,常男,ヨシナガ,ツネオ,男,0190708038,tsuneo_yoshinaga@pbfbvidbu.rg,028-7655,岩手県,八幡平市,馬揚沢,4-20-14,,1973-05-07,A,731
海老原,栄吉,エビハラ,エイキチ,男,0194786769,eikichi442@caxkpn.puqqf.pih,023-0058,岩手県,奥州市,水沢区堀ノ内,1-11-13,水沢区堀ノ内シーサイド207,2007-06-01,O,121
金井,貴英,カネイ,タカヒデ,男,0191389227,Takahide_Kanei@fevj.ym,020-0537,岩手県,岩手郡雫石町,上町西,3-9-19,,2014-02-14,A,6848
碓井,康彦,ウスイ,ヤスヒコ,男,0195055075,yasuhikousui@yvdfbco.wxa,028-0001,岩手県,久慈市,夏井町,3-11-15,,1988-01-10,O,4723
柴山,夏美,シバヤマ,ナツミ,女,019297277,s-qxnic=ygkzgnatsumi361@rnap.jw,029-4355,岩手県,奥州市,衣川区山岸,3-1,,2005-08-27,AB,662
木田,千咲,キダ,チサキ,女,0196102525,chisaki58212@hnyochh.zs,028-6106,岩手県,二戸市,仁左平,1-7-5,,2015-10-27,A,6674
浅井,尚,アサイ,タカシ,男,0196647698,takashi33613@iklzmhups.kbe.ato,025-0094,岩手県,花巻市,桜木町,4-6,,1966-11-02,B,7045
小倉,綾子,オグラ,アヤコ,女,0195704006,Ayako_Ogura@dbhbfb.jt,024-0055,岩手県,北上市,大堤南,1-11-2,ガーデン大堤南109,1971-04-03,O,3174
菅原,弥太郎,スガハラ,ヤタロウ,男,0197450772,usugahara@spffodeeo.wfzx.gdk,021-0011,岩手県,一関市,山目町,1-15-17,,2005-07-14,A,361
横田,緑,ヨコタ,ミドリ,女,0194621214,osyqu=gxjmgfblmidori64780@plps.xp.fr,028-3132,岩手県,花巻市,石鳥谷町東中島,3-5-12,,1991-05-02,AB,4232
新谷,文夫,アラヤ,フミオ,男,0199213329,bfaqljrsfumio83095@qnouguody.gbu.af,026-0043,岩手県,釜石市,新町,4-16-7,,2001-08-16,B,8759
篠田,孝三,シノダ,コウゾウ,男,01903598,kouzoushinoda@omouhdhfxi.bwa,027-0378,岩手県,宮古市,田老重津部,1-8-8,田老重津部ハウス104,1980-05-13,AB,7799
鹿野,政幸,カノ,マサユキ,男,0198230971,masayuki3225@clxkczxjy.gb,026-0055,岩手県,釜石市,甲子町,2-4,,1977-07-02,A,972
金井,緑,カネイ,ミドリ,女,0196926576,ikanei@orxoupw.mxswj.ey,029-4486,岩手県,奥州市,衣川区鷹の巣,2-3-11,衣川区鷹の巣ロイヤルパレス219,1983-03-29,AB,1479
児島,徳蔵,コジマ,トクゾウ,男,0194250196,tokuzou_kojima@ctrs.fs.sgv,022-0002,岩手県,大船渡市,大船渡町,3-10-18,,1969-07-04,A,3764
渡邊,金弥,ワタナベ,キンヤ,男,0193951080,Kinya_Watanabe@jkehl.xj,025-0058,岩手県,花巻市,一本杉,3-18-18,,1984-08-20,B,6744
堀,哲郎,ホリ,テツロウ,男,0195488908,tetsurou418@vfdbkmvul.bqh.ark,020-0861,岩手県,盛岡市,仙北,3-17,仙北庵301,1959-08-13,O,5464
三原,美智子,ミハラ,ミチコ,女,0199953126,michikomihara@acafziv.nrva.fko,028-6927,岩手県,二戸市,浄法寺町湯沢,4-6-15,,1986-03-19,A,6111
川越,真優,カワゴエ,マユ,女,0193451319,mayukawagoe@jqtflf.cmwo.dj,028-0514,岩手県,遠野市,遠野町,1-11,,1976-07-19,B,8142
北山,清信,キタヤマ,キヨノブ,男,0198600274,kiyonobu587@dckii.ss,028-6831,岩手県,二戸市,浄法寺町漆沢下平,1-3-15,,1975-12-19,A,9097
楠本,敬一,クスモト,ケイイチ,男,0196436776,Keiichi_Kusumoto@hgpberuxyw.wgc,028-4307,岩手県,岩手郡岩手町,五日市,2-5-18,ロイヤル五日市314,1993-03-31,B,7023
坂下,奏音,サカシタ,カノン,女,0198832053,kanon991@pzew.zrl,027-0037,岩手県,宮古市,松山,2-6-6,松山ランド319,1970-06-24,AB,4661
小杉,正敏,コスギ,マサトシ,男,0199246057,masatoshi_kosugi@yknfraxohw.klx,025-0014,岩手県,花巻市,高松,1-1-17,高松ロイヤルパレス417,1964-01-06,O,3468
田川,啓之,タガワ,ヒロユキ,男,0194793472,Hiroyuki_Tagawa@iicasg.hu,029-4205,岩手県,奥州市,前沢区二ノ沢,2-14-11,前沢区二ノ沢ランド400,2018-01-24,O,3428
小堀,幸二,コボリ,コウジ,男,019152510,koujikobori@jwpedlz.eoh.irc,026-0012,岩手県,釜石市,魚河岸,2-15-2,,1992-05-04,O,3793
谷内,孝夫,タニウチ,タカオ,男,0191843880,rzjdbehfltakao826@cjjdojmgt.qcs,028-6841,岩手県,二戸市,浄法寺町松岡,2-12,,1975-10-22,A,5675
清田,彩葉,キヨタ,イロハ,女,0198866478,akiyota@nmpewxyquu.es,028-1103,岩手県,上閉伊郡大槌町,港町,1-19-6,,1980-11-16,O,2526
山口,光政,ヤマグチ,ミツマサ,男,0194326142,ayamaguchi@mmkbt.qf,029-4202,岩手県,奥州市,前沢区白山,4-6-10,,2001-11-23,A,9522
瀬戸,光一,セト,コウイチ,男,0195652573,nteyzqekouichi9828@jndvvudyam.jgy,029-4205,岩手県,奥州市,前沢区鵜ノ木,4-7,,2016-04-05,O,3385
三上,信二,ミカミ,シンジ,男,0195499956,shinji_mikami@qmzz.jk,020-0833,岩手県,盛岡市,西見前,2-20-15,西見前ステージ212,1997-06-05,B,1470
石山,凪沙,イシヤマ,ナギサ,女,0199590162,nagisa21705@lbyvbxkk.tvi,020-0539,岩手県,岩手郡雫石町,上町東,2-12,,1984-08-08,A,8640
石田,由美子,イシダ,ユミコ,女,0195278397,jckjlmntiopgqyumiko3950@hdzdlic.uus,027-0035,岩手県,宮古市,花輪,2-4-14,,1962-05-20,A,9420
西岡,良男,ニシオカ,ヨシオ,男,0196463014,onishioka@xzpsksjwjt.zp,023-0883,岩手県,奥州市,水沢区町裏,1-16-12,,1975-09-06,A,4804
中川,瑞稀,ナカガワ,ミズキ,女,0192254154,avjpmovlbwwnnqmizuki6736@ncekmkbyfx.tv,020-0513,岩手県,岩手郡雫石町,下兎野,4-11-7,,2007-03-13,B,7635
佐々木,愛,ササキ,アイ,女,0197009108,ai26621@qzjnkysg.ehw,024-0074,岩手県,北上市,滑田,4-5-10,,1992-02-28,B,9029
小畑,克美,オバタ,カツミ,女,0199371889,katsumi139@ouqldxzfex.nd,028-1117,岩手県,上閉伊郡大槌町,末広町,3-1-8,,1985-04-26,B,1768
岩本,春香,イワモト,ハルカ,女,0192316245,harukaiwamoto@ycnkezj.bhs,029-4205,岩手県,奥州市,前沢区蛇ノ鼻,4-18-4,,2009-02-09,B,2608
天野,和也,アマノ,カズヤ,男,0198334249,kazuya0983@efhavflio.ht,029-5613,岩手県,和賀郡西和賀町,沢内前郷,4-15,,1993-07-09,A,8045
宮崎,徳三郎,ミヤザキ,トクサブロウ,男,0195262524,Tokusaburou_Miyazaki@ksjhhq.ym,023-0852,岩手県,奥州市,水沢区山崎町,3-17-10,,1993-10-28,B,5143
牧,由佳利,マキ,ユカリ,女,0192758126,yukari995@kfko.mzq,029-5513,岩手県,和賀郡西和賀町,本内４６地割,3-16,ロイヤルパレス本内４６地割309,1978-06-27,A,8657
西原,美優,ニシハラ,ミユウ,女,0195512963,unishihara@zrults.iw,028-7643,岩手県,八幡平市,切通,3-8,ハイツ切通307,1979-04-21,A,3999
亀井,朋美,カメイ,トモミ,女,0192836678,ikamei@aaemozxrm.gek,029-4208,岩手県,奥州市,前沢区七日町,2-20,,1996-05-12,A,6627
土谷,広,ツチヤ,ヒロシ,男,0199651980,pbd-icwiqtl-qhiroshi33928@xltzwyzmm.yp,027-0087,岩手県,宮古市,横町,2-16-6,グランド横町204,1976-12-26,O,7934
西脇,望,ニシワキ,ノゾミ,女,0190883955,inishiwaki@rrdgytek.rqn,023-0867,岩手県,奥州市,水沢区大橋,1-9-7,,1994-03-20,B,9810
大沢,孝太郎,オオサワ,コウタロウ,男,0193448991,koutarouoosawa@yjohdi.xuq,028-7302,岩手県,八幡平市,松尾寄木,2-20-14,,1988-01-14,A,5921
城戸,政吉,キド,マサキチ,男,0197505998,masakichi4554@toqf.jqqs.xiy,021-0901,岩手県,一関市,真柴,2-15-16,グリーン真柴218,1992-01-14,AB,3680
浦野,美優,ウラノ,ミユウ,女,0192896883,miyuu196@fmgkftcxjd.eua,021-0806,岩手県,一関市,下大槻街,4-17-7,下大槻街スイート108,1992-01-02,A,7833
菅原,洋子,スガハラ,ヨウコ,女,019996109,youko997@yzixm.pvl,028-1133,岩手県,上閉伊郡大槌町,金沢,4-12,,1964-04-28,O,3133
石原,貴美,イシハラ,キミ,女,0195530355,Kimi_Ishihara@dkhxf.nfh.or,029-4378,岩手県,奥州市,衣川区菖蒲平,1-1-6,,2002-05-28,A,5862
手塚,金弥,テヅカ,キンヤ,男,0198434198,Kinya_Tezuka@oaiiblxmky.fe,029-4347,岩手県,奥州市,衣川区大西,1-7-19,プラザ衣川区大西119,2002-04-17,O,2544
吉原,春華,ヨシワラ,ハルカ,女,0197523703,haruka_yoshiwara@yepxsdiwib.zq,024-0051,岩手県,北上市,相去町,2-11-15,相去町タウン200,1984-12-01,O,9348
吾妻,春花,アズマ,ハルカ,女,019718018,haruka_azuma@qonxkcp.ntor.cbx,028-6907,岩手県,二戸市,浄法寺町季ケ平,1-17,浄法寺町季ケ平ガーデン105,1980-05-23,A,9517
湯浅,美咲,ユアサ,ミサキ,女,0193040592,misaki91666@svcnfci.uru.jp,028-7611,岩手県,八幡平市,沖田表,3-12,,1961-10-24,A,646
大城,佳奈子,オオシロ,カナコ,女,0195083517,oooshiro@gvahzk.xh,020-0101,岩手県,盛岡市,岩脇町,1-6-11,,1997-08-06,O,6815
坂上,麻世,サカガミ,マヨ,女,0197532026,mayo62296@qjiirvublu.ya,029-4204,岩手県,奥州市,前沢区宿,3-7,コーポ前沢区宿103,1985-07-01,O,5676
森井,奈穂,モリイ,ナホ,女,0195961620,omorii@nmaaolkxu.ejh,028-8335,岩手県,下閉伊郡普代村,普代,2-2,,2011-06-07,A,870
早坂,重一,ハヤサカ,シゲカズ,男,0195481672,shigekazu_hayasaka@oazu.dkmme.gvn,029-4204,岩手県,奥州市,前沢区古川,4-18-11,,2018-04-03,A,9999
村井,邦仁,ムライ,クニヒト,男,0196221996,kunihitomurai@zmitvaa.sb,027-0076,岩手県,宮古市,栄町,2-5,栄町プレシャス100,2006-11-08,B,5550
大下,碧衣,オオシタ,アオイ,女,01985231,ojbeosavmraoi535@pdxsxznxja.vup,028-6106,岩手県,二戸市,仁左平,4-14-5,,1988-05-14,O,2687
黒崎,利恵,クロザキ,リエ,女,0197044873,ekurozaki@lbztt.wmm.hh,021-0872,岩手県,一関市,宮坂町,3-17-10,,1960-08-18,O,1680
井田,照男,イダ,テルオ,男,0199902228,Teruo_Ida@hcgp.iz,020-0117,岩手県,盛岡市,緑が丘,4-11-9,ステージ緑が丘218,1969-06-29,A,6813
玉井,賢次,タマイ,ケンジ,男,0192412914,itamai@cpfpwbyv.rz,028-6865,岩手県,二戸市,浄法寺町野田,3-6-3,浄法寺町野田の杜315,1976-10-09,B,7564
浅沼,正元,アサヌマ,マサヨシ,男,0195048963,erqbjhksc-fttfmasayoshi6552@wjbj.dpi.myn,028-7653,岩手県,八幡平市,平又,3-3,,1981-05-13,O,5264
浜崎,幸市,ハマザキ,コウイチ,男,019492095,kouichi669@lwpkeyi.fg,021-0822,岩手県,一関市,東台,4-11-16,,1969-04-24,A,7190
西沢,柚季,ニシザワ,ユズキ,女,0193285614,yuzuki_nishizawa@qsajoteug.umqu.ae,029-4206,岩手県,奥州市,前沢区太郎ケ沢,1-14,,1967-03-23,A,1826
竹田,孝志,タケダ,タカシ,男,01939320,Takashi_Takeda@puinno.oxs,028-6831,岩手県,二戸市,浄法寺町漆沢下平,2-12-13,,2001-11-18,O,9829
寺内,三雄,テラウチ,ミツオ,男,0197411611,oterauchi@ubqmgj.hua,027-0355,岩手県,宮古市,田老末前,4-10,,1962-12-09,O,8313
出口,来未,デクチ,クルミ,女,0197284919,kurumi195@jhjvf.wp.zuh,029-1211,岩手県,一関市,室根町津谷川,3-12-17,室根町津谷川テラス117,1975-08-20,O,282
三輪,香穂,ミワ,カホ,女,0194814121,kaho177@rlwab.ywbs.gnh,028-7557,岩手県,八幡平市,細野,2-10-7,細野プラザ112,2017-07-10,AB,2595
小澤,真紀子,オザワ,マキコ,女,019668596,makiko610@bydhlppdfc.qli,029-5513,岩手県,和賀郡西和賀町,甲子５１地割,3-4,,1986-05-16,B,4478
長嶋,望,ナガシマ,ノゾミ,女,019150609,nozomi51639@lbyoglic.qmm,023-0021,岩手県,奥州市,水沢区欠ノ下,2-7-7,,2000-05-19,O,7443
沖田,帆花,オキタ,ホノカ,女,0194703764,honoka0758@btkhzlseit.bh,028-8301,岩手県,下閉伊郡普代村,馬場野,4-2-13,,1961-08-28,O,4118
天野,聡子,アマノ,サトコ,女,0192580653,satoko01194@tmkhtilj.tt,023-0021,岩手県,奥州市,水沢区欠ノ下,4-11,スイート水沢区欠ノ下100,1966-09-19,B,2616
平田,若菜,ヒラタ,ワカナ,女,0192887807,wakana335@twrjyacahb.iwzs.ztm,028-3171,岩手県,花巻市,石鳥谷町中寺林,1-10-2,,2017-07-24,O,8911
北沢,秋夫,キタザワ,アキオ,男,0198781220,akio81629@biup.nbenv.yi,028-3203,岩手県,花巻市,大迫町大迫,1-4-10,,2003-09-14,A,5809
安藤,重治,アンドウ,シゲハル,男,0198510018,shigeharuandou@ibhrzcz.mjmm.xbs,028-6857,岩手県,二戸市,浄法寺町合名沢,3-15-7,リバーサイド浄法寺町合名沢309,2015-01-13,B,8019
加藤,信長,カトウ,ノブナガ,男,0197375990,nobunaga_katou@kexpnyhy.uw,029-4205,岩手県,奥州市,前沢区沼尻,4-18,前沢区沼尻庵111,1970-06-04,B,2521
北川,知里,キタガワ,チサト,女,0191945192,chisatokitagawa@aiwbhcj.nv,024-0045,岩手県,北上市,湯沢,1-7,,1987-12-06,O,2617
市川,梢,イチカワ,コズエ,女,0196849963,d-vsq=finkozue690@ixthv.tz,028-8323,岩手県,下閉伊郡普代村,鳥居,1-14-6,,1959-08-11,B,1127
迫田,秀子,サコタ,ヒデコ,女,0190652756,hideko140@yete.eir,028-8343,岩手県,下閉伊郡普代村,上の山,2-8,スイート上の山207,1996-08-07,O,7128
篠田,祐希,シノダ,ユウキ,女,0197649815,yuuki351@rdcwogoqw.su,020-0874,岩手県,盛岡市,南大通,2-15-15,,1986-05-07,O,2965
金谷,秋友,カナヤ,アキトモ,男,0194851300,okanaya@nmvyrsmyt.ch,028-3624,岩手県,紫波郡矢巾町,北伝法寺,4-4,ザ北伝法寺202,1973-08-18,AB,711
井本,茂行,イモト,シゲユキ,男,0191414854,Shigeyuki_Imoto@poxjwo.zgc.sm,029-4208,岩手県,奥州市,前沢区河ノ畑,1-6-9,,1999-10-03,B,1056
永野,良二,ナガノ,リョウジ,男,0190552867,ryouji3499@mdleyndk.enfrz.rk,026-0014,岩手県,釜石市,東前町,4-8-15,ハイツ東前町105,1971-11-09,O,8720
村田,真帆,ムラタ,マホ,女,0199877824,gqagzw-vhzllfjmaho79619@zzyj.sau,028-7555,岩手県,八幡平市,黒沢,2-19-16,,1981-09-02,O,191
内村,繁,ウチムラ,シゲル,男,0191836195,shigeru387@dxgtz.jmw,029-4327,岩手県,奥州市,衣川区馬懸,4-2,,2017-10-10,O,4883
岩井,栄三郎,イワイ,エイザブロウ,男,0190734971,eizaburou709@wikkcbj.vyrrv.sc,028-0144,岩手県,花巻市,東和町宮田,4-19-2,,1961-05-29,A,5147
大城,日向,オオシロ,ヒナタ,女,019761832,juaiejbufx=gv--hinata95025@kfxmyf.dlwlm.jo,028-7534,岩手県,八幡平市,荒屋新町,4-8-13,,2015-05-20,A,2078
園田,由美子,ソノダ,ユミコ,女,0197799132,Yumiko_Sonoda@scvqdf.tof.cb,026-0411,岩手県,釜石市,橋野町,3-7,,2012-04-20,O,7548
松山,桃華,マツヤマ,モモカ,女,0193620799,Momoka_Matsuyama@ogpzaelz.wm,020-0172,岩手県,岩手郡滝沢村,鵜飼,3-7-6,ザ鵜飼205,1986-05-08,O,4741
神谷,雅也,カミヤ,マサヤ,男,0191321927,masaya690@trgrlbe.jiym.sn,027-0422,岩手県,下閉伊郡岩泉町,中島,3-14,中島ガーデン415,2012-08-26,A,5516
依田,雪絵,イダ,ユキエ,女,0198622739,yukieida@lvechrvwr.tk,029-4205,岩手県,奥州市,前沢区南陣場,3-16-2,,2009-01-23,A,2118
伊東,彩芽,イトウ,アヤメ,女,019983892,ayame91516@ddrsgxv.ot,028-0053,岩手県,久慈市,田高,2-5-17,,2005-12-04,O,9239
島田,量子,シマダ,カズコ,女,0192767897,Kazuko_Shimada@yudoqa.ythj.roe,020-0501,岩手県,岩手郡雫石町,仁佐瀬,3-4-18,,1966-01-27,AB,9948
大淵,弘恭,オオブチ,ヒロユキ,男,0197974744,hiroyuki2887@afflw.tf,028-3604,岩手県,紫波郡矢巾町,東徳田,4-10,,1991-09-18,A,2391
山内,安弘,ヤマウチ,ヤスヒロ,男,0190275676,yasuhiro614@njxw.wf,020-0827,岩手県,盛岡市,鉈屋町,1-2,ハウス鉈屋町101,2017-12-07,A,1285
上杉,朗,ウエスギ,アキラ,男,0194856737,akira534@aswllda.cpo.we,028-3613,岩手県,紫波郡矢巾町,北矢幅,1-20-10,,1971-01-28,O,1687
西山,由依,ニシヤマ,ユイ,女,0197907273,yui458@infszloucb.hy,028-0013,岩手県,久慈市,京の森,4-3-4,,1978-06-27,A,8686
東山,盛雄,ヒガシヤマ,モリオ,男,0198884933,morio0034@bmyhtscs.qez,029-4419,岩手県,奥州市,衣川区大面,1-13-14,衣川区大面ヒル314,1972-09-22,A,4521
中森,政一,ナカモリ,マサイチ,男,0191188575,masaichi01510@zwmjgur.toi,028-7603,岩手県,八幡平市,矢神,3-2-19,,1998-09-30,O,4787
