連番,姓,名,姓（カタカナ）,名（カタカナ）,性別,電話番号,メールアドレス,郵便番号,住所,,,,,生年月日,年齢,血液型,乱数
1,手塚,美里,テヅカ,ミサト,女,0199242830,misato6290@aiohrwh.su,023-0811,岩手県,奥州市,水沢区寺小路,2-20,,1994-08-18,23,O,4759
2,大谷,常吉,オオヤ,ツネキチ,男,0198250642,tsunekichi3566@mijqaslx.ui,023-0065,岩手県,奥州市,水沢区水山,4-16,スイート水沢区水山213,2016-05-30,2,O,6579
3,山脇,瑞稀,ヤマワキ,ミズキ,女,0190493265,mizuki29902@ormrxr.yo,028-2633,岩手県,下閉伊郡川井村,平津戸,2-3,平津戸の杜119,2004-02-22,14,O,1287
4,小椋,隆,オグラ,タカシ,男,0191815301,takashiogura@edrfu.flq,025-0012,岩手県,花巻市,胡四王,3-20-18,胡四王庵119,1999-08-28,18,A,7083
5,吉野,彩加,ヨシノ,アヤカ,女,0191206074,Ayaka_Yoshino@mwdfui.ove,028-8405,岩手県,下閉伊郡田野畑村,浜岩泉,3-4-20,,2001-07-01,16,O,9922
6,本間,真菜,ホンマ,マナ,女,0194929240,mana855@zrwrsrs.gj,028-6941,岩手県,二戸市,浄法寺町御山中前田,1-13,,2007-08-03,10,B,8364
7,川本,宣彦,カワモト,ノブヒコ,男,0195520784,Nobuhiko_Kawamoto@utjvptq.chr.uto,028-7654,岩手県,八幡平市,小峠,1-11,小峠パレス407,2004-09-09,13,B,7988
8,大井,峻輝,オオイ,シュンキ,男,0195828060,Shunki_Ooi@ngkdwhf.sp,024-0004,岩手県,北上市,村崎野,1-4-17,,2017-05-16,1,AB,3079
9,黒岩,絢音,クロイワ,アヤネ,女,0195600144,ayane_kuroiwa@vvsmfel.rg,028-2711,岩手県,盛岡市,玉山区薮川,2-1-10,,1989-08-25,28,AB,5408
10,土井,正春,ドイ,マサハル,男,0191108849,bwdrqbmasaharu38462@gzrdz.lpy,028-4125,岩手県,盛岡市,玉山区好摩,4-6-19,プラチナ玉山区好摩406,1991-06-18,26,A,4016
11,長井,陽一郎,ナガイ,ヨウイチロウ,男,0193107199,unagai@dgrf.frz,023-0886,岩手県,奥州市,水沢区南矢中,2-3-10,,1998-01-29,20,AB,216
12,久米,裕美,クメ,ヒロミ,女,0191564752,hiromi152@ltcc.je.toy,020-0311,岩手県,盛岡市,簗川,4-4-20,,1989-10-30,28,O,3444
13,高村,萌花,タカムラ,モエカ,女,0193723812,moeka_takamura@qqslgq.dma,028-7657,岩手県,八幡平市,栗木田,3-11-18,ドリーム栗木田204,1996-03-18,22,A,859
14,有馬,安子,アリマ,ヤスコ,女,0190377018,yasukoarima@njjqvarou.ib,025-0016,岩手県,花巻市,高木,1-2-9,,2016-05-04,2,A,7102
15,河合,瞳,カワイ,ヒトミ,女,0198238470,Hitomi_Kawai@unhnmwjgr.yh,028-6822,岩手県,二戸市,浄法寺町漆沢舘,3-5-1,,2013-05-17,5,AB,9803
16,松尾,凜,マツオ,リン,女,0198146888,rin78916@xanw.xf,024-0325,岩手県,北上市,和賀町岩沢,1-14-6,,2014-05-04,4,AB,3351
17,久保,真理,クボ,マリ,女,0195526461,mari6579@upjmv.ee,025-0134,岩手県,花巻市,南笹間,4-12,,2000-09-28,17,A,7589
18,森川,長治,モリカワ,チョウジ,男,0191395446,chouji_morikawa@ohkfvhmt.gdj,028-8368,岩手県,下閉伊郡普代村,柏木平,1-2-18,柏木平マンション112,1991-12-17,26,B,6387
19,飯野,陽和,イイノ,ヒヨリ,女,019109650,hiyori_iino@joydgpubjj.owmav.ry,028-6302,岩手県,九戸郡軽米町,軽米,3-7,軽米キャッスル415,1997-01-28,21,B,9843
20,松本,紗羽,マツモト,サワ,女,0193943776,sawa_matsumoto@jkutx.xe,028-6612,岩手県,九戸郡九戸村,戸田,2-20,,1998-11-12,19,A,4136
21,北川,春代,キタガワ,ハルヨ,女,0199441669,haruyo7693@uaekrrrfp.mhy,029-4204,岩手県,奥州市,前沢区田中,3-1-12,,1998-01-16,20,B,3349
22,田淵,仁,タブチ,ヒトシ,男,019508082,itabuchi@rerxjps.ca,028-8332,岩手県,下閉伊郡普代村,銅屋,1-18-5,,2007-04-05,11,A,7018
23,浅野,栞奈,アサノ,カンナ,女,0197471051,kamna_asano@qgzt.kd,023-0856,岩手県,奥州市,水沢区西上野町,2-6,タウン水沢区西上野町409,1991-11-12,26,A,9254
24,相原,真桜,アイハラ,マオ,女,019061336,maoaihara@ssko.fox,027-0054,岩手県,宮古市,太田,2-17,,2017-12-07,0,B,6497
25,粕谷,講一,カスヤ,コウイチ,男,0193221462,Kouichi_Kasuya@mgfx.jip,029-2207,岩手県,陸前高田市,小友町,4-7-6,,1999-04-02,19,O,302
26,八木,信幸,ヤギ,ノブユキ,男,0195693738,nobuyuki839@nejxgb.hgc,028-3314,岩手県,紫波郡紫波町,大巻,1-10-9,,2010-06-03,8,B,5276
27,室井,一輝,ムロイ,カズキ,男,0198315818,Kazuki_Muroi@cpna.fxe,020-0846,岩手県,盛岡市,流通センター北,4-18-16,レジデンス流通センター北218,2003-02-20,15,O,1249
28,曽根,美春,ソネ,ミハル,女,0198072594,usone@ykqo.vz,027-0055,岩手県,宮古市,長根,3-10-13,長根レジデンス407,2013-10-27,4,A,7705
29,徳永,佳佑,トクナガ,ケイスケ,男,0195364388,etokunaga@hnrusxzlmi.vj,027-0055,岩手県,宮古市,長根,4-13-13,長根ドリーム210,1993-05-10,25,B,1074
30,宮川,成康,ミヤカワ,ナリヤス,男,0191490442,Nariyasu_Miyakawa@gsuw.pnh,028-0664,岩手県,遠野市,附馬牛町東禅寺,1-17,,2017-07-30,0,AB,9929
31,東野,力男,ヒガシノ,リキオ,男,0193524680,Rikio_Higashino@dyqgvhkn.ko,029-4427,岩手県,奥州市,衣川区陣場下,3-3,,1996-08-02,21,O,6505
32,野原,咲希,ノハラ,サキ,女,0198164184,saki2807@qmgcjusmkr.ia,029-4443,岩手県,奥州市,衣川区六日市場,1-11-1,,2017-03-26,1,O,8941
33,中本,桜子,ナカモト,サクラコ,女,0196946357,zpb-mg-i-=dxxsakurako91288@frnomxshkn.jy,028-7629,岩手県,八幡平市,白沢口,1-3-7,白沢口プラチナ104,1989-06-27,28,O,3800
34,大熊,博一,オオクマ,ヒロカズ,男,019311311,hirokazu406@rphrfaf.oph,021-0877,岩手県,一関市,城内,2-3-8,城内の杜405,2008-04-16,10,O,3153
35,遠山,一仁,トオヤマ,カズヒト,男,0191576949,njphwrepwzeokazuhito21334@jbpvdfwm.jpy,028-6876,岩手県,二戸市,浄法寺町田子内沢,2-1-7,,2001-02-12,17,O,3027
36,野上,詠一,ノガミ,エイイチ,男,0193879058,eiichinogami@kfklkm.uur,028-6817,岩手県,二戸市,浄法寺町漆沢大久保,1-9-2,,1995-12-30,22,O,1113
37,星,瑠璃,ホシ,ルリ,女,0199131785,ruri87507@svvfbplify.fkxmj.zp,028-6951,岩手県,二戸市,浄法寺町清水尻,3-11-1,,2003-02-05,15,A,1053
38,大倉,心春,オオクラ,コハル,女,019401148,koharu01191@tarxg.qjd,023-0897,岩手県,奥州市,水沢区桜川,1-17-3,,2000-07-14,17,A,9588
39,森田,由子,モリタ,ユウコ,女,0198507183,Yuuko_Morita@ilgpyjz.xk,022-0003,岩手県,大船渡市,盛町,4-6,,2005-01-22,13,O,843
40,高柳,哲朗,タカヤナギ,テツロウ,男,0198066396,tetsurou_takayanagi@mujydlj.kpi,020-0834,岩手県,盛岡市,永井,3-18,,2012-02-08,6,A,9909
41,米田,義雄,ヨネダ,ヨシオ,男,0199006745,yoshio52090@ykzdupahm.an.wvd,029-4424,岩手県,奥州市,衣川区九輪堂,2-10,衣川区九輪堂ドリーム119,1999-11-20,18,B,2483
42,和泉,光男,イズミ,ミツオ,男,0191873633,mitsuo926@dterzrbs.hcz,020-0573,岩手県,岩手郡雫石町,南畑,4-19-11,南畑スイート117,1995-01-09,23,B,9596
43,塚原,太陽,ツカハラ,タイヨウ,男,0192661998,Taiyou_Tsukahara@vitqbppvr.df,026-0023,岩手県,釜石市,天神町,4-20,タウン天神町413,2017-03-05,1,O,6717
44,神山,清美,カミヤマ,キヨミ,女,0193513268,kiyomi6765@avkxrn.xf,029-4492,岩手県,奥州市,衣川区下立沢,3-18-3,,1989-10-08,28,A,1669
45,藤本,玲子,フジモト,レイコ,女,0195182538,reiko274@heakkeikwl.ew,029-4345,岩手県,奥州市,衣川区館城,4-12,ヴィレッジ衣川区館城318,2001-08-03,16,AB,9115
46,奥村,詠一,オクムラ,エイイチ,男,0190458758,eiichi12797@hrwzropjf.xm.cpq,020-0147,岩手県,盛岡市,大館町,3-8-11,大館町コート318,2010-04-22,8,A,5840
47,松下,守,マツシタ,マモル,男,0199985099,mamoru441@klwb.rpo,028-6901,岩手県,二戸市,浄法寺町深堀,4-3-12,,2013-04-18,5,O,7587
48,南部,貞男,ナンブ,サダオ,男,0198706592,Sadao_Nambu@zqqwfc.tro.em,021-0861,岩手県,一関市,機織山,3-14-4,,1994-04-19,24,O,3789
49,室井,正志,ムロイ,マサシ,男,0199629698,masashimuroi@npteswjsdo.ba,020-0505,岩手県,岩手郡雫石町,中黒沢川,4-9-15,,2013-07-06,4,B,3032
50,小森,里穂,コモリ,リホ,女,0199026112,riho_komori@lygmvnkxho.iz,025-0022,岩手県,花巻市,十二丁目,2-13,十二丁目グリーン201,2007-05-12,11,O,9295
51,宇佐美,敏雄,ウサミ,トシオ,男,0198587809,toshiousami@nvsp.vr,028-2513,岩手県,下閉伊郡川井村,川内,1-16-18,,2007-10-13,10,B,8174
52,梅村,友彦,ウメムラ,トモヒコ,男,0197730692,oumemura@aqfkaikjm.xxj,029-4388,岩手県,奥州市,衣川区上大森,2-15-3,タワー衣川区上大森213,2018-06-11,0,B,7306
53,松田,来実,マツダ,クルミ,女,019482223,kurumi25964@vybues.wwf,023-0094,岩手県,奥州市,水沢区五輪,1-1,,2008-08-13,9,B,5505
54,小山田,琴子,オヤマダ,コトコ,女,0193009667,kotoko45790@vfrxvksxi.dxk,029-4406,岩手県,奥州市,衣川区大坂,4-20-12,,1989-12-29,28,O,6943
55,今泉,和佳奈,イマイズミ,ワカナ,女,0194084847,wakana76438@vkgneyg.wl.mnf,028-3535,岩手県,紫波郡紫波町,遠山,2-6,,1990-05-17,28,A,7172
56,北原,房子,キタハラ,フサコ,女,0196964147,fusako1050@ihlg.igdm.qb,028-3152,岩手県,花巻市,石鳥谷町南寺林,1-8-12,,1993-05-07,25,O,6432
57,田端,晴,タバタ,ハル,女,0199456130,haru89032@clxzwrblxm.trh,024-0043,岩手県,北上市,立花,1-12-2,立花アパート404,2012-10-17,5,A,2042
58,笹森,愛美,ササモリ,アイミ,女,0197192951,aimi73803@elqb.wfr,024-0051,岩手県,北上市,相去町,4-10,相去町シーサイド408,2014-03-29,4,A,1681
59,川野,鈴,カワノ,リン,女,0192368895,nkawano@hisj.vfk,020-0041,岩手県,盛岡市,境田町,1-12-7,,2001-10-10,16,A,4471
60,金山,優里,カナヤマ,ユリ,女,019525399,yuri838@evxw.lyp,027-0388,岩手県,宮古市,田老上沖,2-6-13,ロイヤル田老上沖210,1992-07-17,25,O,9502
61,池本,智,イケモト,サトシ,男,0192324640,iikemoto@sgvf.mo.fs,028-2511,岩手県,下閉伊郡川井村,夏屋,3-5-6,,1997-01-25,21,O,367
62,宮脇,理津子,ミヤワキ,リツコ,女,0194403475,omiyawaki@kgqeiku.gm,020-0844,岩手県,盛岡市,湯沢東,2-16-1,,2003-01-25,15,O,1186
63,宇田川,和雄,ウダガワ,カズオ,男,0195612524,nuovizovkazuo71988@tqjb.kvq,028-0052,岩手県,久慈市,本町,4-17-8,本町ヒル116,1992-01-25,26,AB,5168
64,名取,力雄,ナトリ,リキオ,男,019061915,rikionatori@wqdi.qoz.iq,029-4425,岩手県,奥州市,衣川区采女沢,1-7,,1996-06-27,21,A,266
65,高柳,良吉,タカヤナギ,リョウキチ,男,0192464167,ryoukichitakayanagi@lekarkez.jcu.hf,027-0091,岩手県,宮古市,築地,1-13,築地シーサイド408,1991-04-20,27,AB,253
66,富岡,杏里,トミオカ,アンリ,女,0198280695,anri628@sqqjwy.kh,029-4204,岩手県,奥州市,前沢区高畑,1-11-9,,2010-08-13,7,O,1414
67,手島,竹志,テジマ,タケシ,男,0197313587,Takeshi_Tejima@wmoaegqyzl.amn,029-5503,岩手県,和賀郡西和賀町,清水ケ野１８地割,3-14-3,ロイヤルパレス清水ケ野１８地割404,2002-01-10,16,O,5712
68,風間,君子,カザマ,キミコ,女,0193657885,kimiko_kazama@xjengdjdqp.xfv,025-0072,岩手県,花巻市,四日町,2-16-8,,2015-05-12,3,A,7111
69,神田,千春,カンダ,チハル,女,0193055586,chiharu1322@qrpqfdo.yiw,028-3133,岩手県,花巻市,石鳥谷町関口,4-18-11,コンフォート石鳥谷町関口414,1995-09-08,22,B,4385
70,大淵,晴,オオブチ,ハル,女,0193101444,haru039@cfhud.ggf.cc,021-0851,岩手県,一関市,関が丘,3-1,関が丘ロイヤル301,2017-09-01,0,B,8122
71,塚本,来実,ツカモト,クルミ,女,0194523592,kurumi07748@knanhwn.xa,028-1133,岩手県,上閉伊郡大槌町,金沢,2-18-1,金沢タウン317,2012-08-27,5,A,9817
72,楠本,四郎,クスモト,シロウ,男,0192738798,shiroukusumoto@vltbvzvpds.ft,021-0875,岩手県,一関市,高崎町,1-13-6,,2007-10-12,10,B,550
73,我妻,悦代,アガツマ,エツヨ,女,0194054693,etsuyo42941@lcnfn.rmnsv.bhj,027-0503,岩手県,下閉伊郡岩泉町,猿沢,1-9,猿沢パレス301,2016-09-09,1,B,5819
74,植松,博史,ウエマツ,ヒロシ,男,0192968409,hzqjrpgerhiroshi366@stinolxi.wqxph.cx,023-0066,岩手県,奥州市,水沢区前田袋,4-6,,2012-12-27,5,A,1421
75,小山田,沙也加,オヤマダ,サヤカ,女,0193928418,sayaka89471@ddcdjydq.ob,028-0103,岩手県,花巻市,東和町石鳩岡,2-2,ザ東和町石鳩岡210,2010-02-26,8,O,3865
76,石崎,裕,イシザキ,ユウ,男,0197221802,yuuishizaki@yoqnfxdwj.ktj,029-4378,岩手県,奥州市,衣川区菖蒲平,2-12-14,,1995-01-06,23,A,3346
77,矢吹,萌衣,ヤブキ,メイ,女,019246109,qyupcshmei615@kayltdqif.dnb,028-1341,岩手県,下閉伊郡山田町,八幡町,1-20,,2002-06-30,15,O,4911
78,志村,力男,シムラ,リキオ,男,0192866045,rikioshimura@zajk.kl,020-0142,岩手県,盛岡市,稲荷町,4-12-13,稲荷町荘101,2004-04-12,14,A,8668
79,羽鳥,優依,ハトリ,ユイ,女,0191019993,yui503@rudexkwuv.rjujq.dx,028-3309,岩手県,紫波郡紫波町,北日詰,2-20-7,,2003-08-26,14,B,3134
80,石坂,正夫,イシザカ,マサオ,男,0193162805,masao_ishizaka@iqnxg.xgo.ihn,020-0851,岩手県,盛岡市,向中野,2-6,,1992-12-28,25,O,5494
81,風間,瞳,カザマ,ヒトミ,女,019407520,hitomi67874@arphtlgufp.pnd.jav,028-6926,岩手県,二戸市,浄法寺町門崎,3-1,,1992-10-07,25,B,7996
82,佐久間,光政,サクマ,ミツマサ,男,0192163578,mitsumasa_sakuma@uwsrpyjp.zg,028-3442,岩手県,紫波郡紫波町,升沢,2-5-6,スイート升沢215,2003-01-18,15,B,7581
83,梅本,虎雄,ウメモト,トラオ,男,0191192064,torao140@zogxdic.dagt.ulo,020-0012,岩手県,盛岡市,岩清水,4-12-17,,1995-05-02,23,AB,4203
84,阿久津,敏,アクツ,サトシ,男,0192096250,satoshi4882@ykxb.oz,024-0063,岩手県,北上市,九年橋,3-18,,1994-08-24,23,B,5250
85,細田,冨子,ホソダ,トミコ,女,0196651745,tomiko18831@aiigdprioy.qrgkw.nos,023-0829,岩手県,奥州市,水沢区花園町,3-7,ザ水沢区花園町408,1997-01-03,21,A,2515
86,楠,凛華,クスノキ,リンカ,女,0195099755,rinka32874@metk.qkl.onm,029-4208,岩手県,奥州市,前沢区五合田,3-14,,2005-01-18,13,A,5533
87,谷,龍也,タニ,タツヤ,男,0194552413,atani@unebuzew.nnd.hzu,029-4497,岩手県,奥州市,衣川区餅転,1-11,,2001-04-22,17,A,6385
88,細井,慎一,ホソイ,シンイチ,男,0191918683,shinichi248@jhehmsb.ig,023-0096,岩手県,奥州市,水沢区向田,1-20-2,,1989-02-11,29,A,9305
89,依田,遼,イダ,ハルカ,女,0194557144,haruka892@ocrtijv.cmv,028-0144,岩手県,花巻市,東和町宮田,1-11-5,,2008-07-16,9,A,4311
90,大江,達夫,オオエ,タツオ,男,0191908711,tatsuo_ooe@pjqnksbz.xse,029-4207,岩手県,奥州市,前沢区赤面,2-11-12,,2015-05-22,3,AB,1282
91,碓井,里穂,ウスイ,リホ,女,0193425227,ojetd-ergxrfuuxriho63011@itgnicqhad.dis,029-4492,岩手県,奥州市,衣川区下立沢,1-14-14,,2008-08-07,9,A,9373
92,高木,誠二,タカギ,セイジ,男,0194462934,seijitakagi@zoimnyfdn.tr,021-0022,岩手県,一関市,五代町,3-7-17,,2016-01-10,2,O,3115
93,谷,善次,タニ,ヨシツグ,男,0191417953,yoshitsugu14247@axoka.rz,028-7525,岩手県,八幡平市,日影,1-11-19,日影ロイヤル217,1998-05-04,20,O,466
94,松元,勇,マツモト,イサミ,男,0191060533,isami_matsumoto@xxwf.fzl,029-5513,岩手県,和賀郡西和賀町,草井沢４７地割,3-10-13,,1991-08-05,26,O,5965
95,藤森,詩織,フジモリ,シオリ,女,0197391935,Shiori_Fujimori@quxw.ot,023-0816,岩手県,奥州市,水沢区西町,2-8-6,,1998-04-25,20,A,7313
96,有馬,涼花,アリマ,スズカ,女,0194925863,Suzuka_Arima@ckcyimiegp.dg,023-1132,岩手県,奥州市,江刺区稲瀬,4-10,,1989-01-01,29,B,8431
97,堀江,香穂,ホリエ,カホ,女,0198462330,dqahgknypa--bkaho475@cnukecvm.gr,029-5618,岩手県,和賀郡西和賀町,沢内両沢,1-15-6,ダイヤモンド沢内両沢415,2006-01-19,12,A,2658
98,黒沢,祐二,クロサワ,ユウジ,男,0195900574,yuuji78549@bumwd.rxr,023-1124,岩手県,奥州市,江刺区六日町,3-1-14,江刺区六日町ドリーム218,1988-12-13,29,B,2410
99,相田,宣政,アイダ,ノブマサ,男,0195321830,nobumasaaida@qssgv.xtv,028-6837,岩手県,二戸市,浄法寺町荒屋敷,1-19-2,,2001-01-27,17,A,9995
100,神戸,滋,コウベ,シゲル,男,0197357484,shigeru71432@xyndhzyhg.cny,024-0031,岩手県,北上市,青柳町,1-9-17,ステーション青柳町319,2003-01-08,15,B,2924
101,住田,聖,スミダ,ヒジリ,女,0199423110,hijiri62792@hxeutie.ts.iv,021-0865,岩手県,一関市,新山,2-14-12,パーク新山315,2003-08-04,14,O,3831
102,小坂,絢乃,オサカ,アヤノ,女,0194721993,oosaka@wyupkxopv.ucgzf.gl,029-4416,岩手県,奥州市,衣川区向館,1-1,,1999-07-23,18,B,5894
103,保坂,幸四郎,ホサカ,コウシロウ,男,019703135,koushirou_hosaka@wrua.sf,028-0121,岩手県,花巻市,東和町小友,2-17-12,シティ東和町小友104,2010-12-16,7,B,9941
104,小平,保雄,コダイラ,ヤスオ,男,0191444487,yasuo29172@ueqnq.zkwa.bqr,028-8401,岩手県,下閉伊郡田野畑村,沼袋,3-19-3,,1990-10-17,27,O,8209
105,森谷,彩,モリヤ,アヤ,女,0190066230,aya3548@kzis.lyk,029-4443,岩手県,奥州市,衣川区六日市場,4-12-15,衣川区六日市場ヴィレッジ104,2005-07-31,12,B,6110
106,高見,康子,タカミ,ヤスコ,女,0192548655,yasuko06111@jzgo.ibuol.rio,028-5401,岩手県,岩手郡葛巻町,田部,3-17-2,プレシャス田部100,1999-05-08,19,B,9260
107,青木,卓,アオキ,タカシ,男,0193959148,Takashi_Aoki@lllejewxwg.xe,023-0893,岩手県,奥州市,水沢区蓬田,4-19-14,,2011-05-03,7,O,3520
108,佐々木,正次郎,ササキ,ショウジロウ,男,0195526930,Shoujirou_Sasaki@asztflsf.sr.tww,029-4375,岩手県,奥州市,衣川区鞍掛,1-3-5,衣川区鞍掛ヒル205,1994-03-22,24,A,1232
109,持田,夏音,モチダ,カノン,女,0197574331,kanon425@znvtrpskcx.ig,023-1121,岩手県,奥州市,江刺区男石,2-19,,2011-01-05,7,A,4603
110,日下,蘭,クサカ,ラン,女,0191962753,ran62213@gfhewrjud.kw,028-6961,岩手県,二戸市,浄法寺町滝見橋,2-17-14,,1999-12-23,18,B,3576
111,前川,義人,マエカワ,ヨシト,男,0198246090,yoshito358@wqwb.pt,025-0004,岩手県,花巻市,葛,2-6-15,,2016-02-09,2,O,2924
112,宮野,杏理,ミヤノ,アンリ,女,0198424991,Anri_Miyano@zles.lk,028-0071,岩手県,久慈市,小久慈町,3-20-5,,2004-01-07,14,O,675
113,宮本,修,ミヤモト,オサム,男,0192987970,osamumiyamoto@vfreq.rjl,029-4406,岩手県,奥州市,衣川区大坂,4-10-2,,1988-11-09,29,B,822
114,藤井,恵利,フジイ,エリ,女,0198162626,erifujii@xtqykxtsu.xlb,028-2103,岩手県,宮古市,腹帯,2-18,,1998-06-25,19,A,4575
115,益田,優花,マスダ,ユカ,女,0199770366,yuka780@gtgsix.peb,026-0412,岩手県,釜石市,栗林町,3-8-11,,2016-11-16,1,O,4974
116,大原,琉奈,オオハラ,ルナ,女,0193681005,Runa_Oohara@vsqgryoa.oy.fao,023-0026,岩手県,奥州市,水沢区里鎗,1-3-3,パーク水沢区里鎗410,1996-07-23,21,AB,8142
117,乾,紫苑,イヌイ,シオン,女,0192938411,Shion_Inui@twfhnhltm.klr.tbj,028-0527,岩手県,遠野市,大工町,4-18-20,大工町の杜203,1995-08-29,22,A,3116
118,大田,瑠奈,オオタ,ルナ,女,0195726241,runa_oota@ptdjkzqa.ml,020-0016,岩手県,盛岡市,名須川町,2-10-15,名須川町ゴールデン315,1990-09-12,27,A,8211
119,織田,久男,オダ,ヒサオ,男,019993780,ipygeqmjt-hisao52375@myxef.vi.qhq,028-1114,岩手県,上閉伊郡大槌町,栄町,4-2,,2014-05-15,4,B,5677
120,梶,亜沙美,カジ,アサミ,女,0193523632,asami_kaji@meji.gkp,023-0401,岩手県,奥州市,胆沢区南都田,1-19-2,,2017-08-07,0,B,2915
121,細野,麻美,ホソノ,アサミ,女,0193451746,asamihosono@ugaojfppw.gn,028-3203,岩手県,花巻市,大迫町大迫,4-15-19,,1991-12-13,26,B,1787
122,古賀,由太郎,コガ,ヨシタロウ,男,0195910652,ukoga@meppvvef.nov,028-7651,岩手県,八幡平市,長者前,1-20-10,,1996-01-22,22,A,7723
123,前田,栄治,マエダ,エイジ,男,0191479484,eiji350@osaigh.pu,023-0802,岩手県,奥州市,水沢区大畑小路,1-13-14,水沢区大畑小路ヒル114,1995-05-28,23,B,2420
124,大江,響子,オオエ,キョウコ,女,019852635,enzeyasledmsavykyouko533@wxtqu.tsn,028-6948,岩手県,二戸市,浄法寺町御山舘,3-9-20,プラチナ浄法寺町御山舘311,1999-07-31,18,A,1713
125,野田,美愛,ノダ,ミア,女,0193357650,mia4825@yyzgyvrz.ilw.oem,023-0085,岩手県,奥州市,水沢区踊子,1-6-20,コート水沢区踊子106,2001-01-27,17,O,1351
126,細川,藍,ホソカワ,アイ,女,0192572744,ai_hosokawa@abyfbzqjs.zld,021-0821,岩手県,一関市,三関,2-9-13,,1999-06-16,18,AB,8553
127,梅田,照,ウメダ,テル,女,0198862265,Teru_Umeda@gfci.cudp.pa,028-8111,岩手県,久慈市,宇部町,3-7-11,,2003-08-26,14,A,882
128,風間,栄二,カザマ,エイジ,男,0195313256,eiji035@vwaftabhuf.iue.lc,023-1111,岩手県,奥州市,江刺区大通り,1-15,江刺区大通りコート214,1996-05-11,22,B,977
129,橋口,櫻,ハシグチ,サクラ,女,0195538533,sakura091@iheuxxp.bice.qi,029-0301,岩手県,一関市,東山町田河津,4-11,東山町田河津の杜207,1988-07-10,29,A,2389
130,久保田,桃華,クボタ,モモカ,女,0192561714,momoka376@dcrz.auv,020-0807,岩手県,盛岡市,加賀野,4-14-15,加賀野アパート202,2011-08-14,6,AB,6467
131,町田,正治,マチダ,ショウジ,男,0198739639,shouji99768@brusrbvo.noz.omo,028-6502,岩手県,九戸郡九戸村,伊保内,4-3-5,,2008-03-31,10,O,9954
132,岡崎,真美,オカザキ,マミ,女,0198042550,mamiokazaki@smfzgyogzo.ld,028-7616,岩手県,八幡平市,二タ子,1-14-13,,2008-04-07,10,B,8858
133,森島,妃奈,モリシマ,ヒナ,女,0197830480,amorishima@viyfij.nfc,020-0837,岩手県,盛岡市,津志田町,2-6-7,,2011-08-05,6,A,9602
134,外山,亜希子,ソトヤマ,アキコ,女,0192800776,akiko_sotoyama@vsgot.lo,024-0333,岩手県,北上市,和賀町長沼,3-15,,2003-01-02,15,O,5488
135,森山,花梨,モリヤマ,カリン,女,0196645642,ytdnj-=pqwrtozkarin3904@wwulnk.fq,028-6723,岩手県,二戸市,安比,4-9-20,ロイヤル安比306,2011-11-25,6,B,9767
136,森島,琴羽,モリシマ,コトハ,女,0199764071,kotohamorishima@xkpxzpafg.ai,028-0153,岩手県,花巻市,東和町中内,1-20-5,グランド東和町中内203,2002-08-30,15,O,8340
137,細谷,清一郎,ホソヤ,セイイチロウ,男,0195528482,Seiichirou_Hosoya@rqkh.tk,027-0064,岩手県,宮古市,宮園,4-2-6,,2014-04-09,4,O,8114
138,成田,宏明,ナリタ,ヒロアキ,男,019526921,Hiroaki_Narita@gnuo.uxx.czd,021-0812,岩手県,一関市,樋渡,2-7,レジデンス樋渡417,2017-07-24,0,A,2966
139,杉田,美奈江,スギタ,ミナエ,女,0191245075,minaesugita@ynpeyrs.zs,029-4204,岩手県,奥州市,前沢区宿,4-3,,1995-04-19,23,O,3782
140,田崎,颯,タザキ,ソウ,男,0191707933,sou_tazaki@uaczlsw.xs,025-0065,岩手県,花巻市,星が丘,3-11-1,,2002-07-14,15,A,1948
141,飯島,真理,イイジマ,マリ,女,0194477350,mari1524@sdrzrg.zh,025-0068,岩手県,花巻市,下幅,4-8,,2002-05-19,16,A,486
142,柳田,正利,ヤナギダ,マサトシ,男,0195505090,xq-mnm=qgajrpmasatoshi11524@tdjjfd.wwblu.otq,028-0661,岩手県,遠野市,附馬牛町上附馬牛,2-7-13,リバーサイド附馬牛町上附馬牛119,1991-04-01,27,O,4555
143,大槻,亨治,オオツキ,ミチハル,男,0198558050,e-=edgpfavfcsmichiharu520@rvnccoaphk.bp,021-0861,岩手県,一関市,機織山,1-12-16,機織山ステーション219,1991-06-21,26,A,1962
144,白石,利男,シライシ,トシオ,男,0193616023,toshio147@xjwpdfl.gdrkm.cf,021-0894,岩手県,一関市,磐井町,3-9-12,磐井町シティ401,1994-10-29,23,O,5295
145,堀江,国彦,ホリエ,クニヒコ,男,0194215114,kunihikohorie@xcdpgphk.mt,020-0533,岩手県,岩手郡雫石町,林,4-13-7,ハウス林318,2002-05-10,16,B,4893
146,植松,唯,ウエマツ,ユイ,女,0197221567,yoezfkyui40101@celyxr.zp,021-0805,岩手県,一関市,豊町,2-5-12,,2006-03-07,12,A,8042
147,正木,香帆,マサキ,カホ,女,0197857945,kahomasaki@glzmosu.teh,024-0042,岩手県,北上市,黒岩,1-17-12,,2001-08-01,16,O,4123
148,関根,洋晶,セキネ,ヒロアキ,男,0195998959,hiroaki38493@uwdirgdovl.eivq.ub,028-6819,岩手県,二戸市,浄法寺町馬洗場,1-19-13,浄法寺町馬洗場パーク218,1992-11-16,25,B,681
149,笹原,椛,ササハラ,モミジ,女,0195028758,Momiji_Sasahara@kqgleakkt.osj,020-0544,岩手県,岩手郡雫石町,柿木,2-5-10,,1998-10-06,19,A,3161
150,塩見,典子,シオミ,ノリコ,女,0190703274,noriko0190@dnlclikzk.qcl,028-3603,岩手県,紫波郡矢巾町,西徳田,2-17-20,,2011-03-17,7,AB,6350
151,宮原,美穂,ミヤハラ,ミホ,女,0194566460,omiyahara@mkphsrs.ror.ag,023-0822,岩手県,奥州市,水沢区東中通り,2-9-8,,1992-01-22,26,O,5866
152,牧野,千穂,マキノ,チホ,女,019483563,chihomakino@gdefqw.afdh.xv,027-0042,岩手県,宮古市,神田沢町,2-4,,2005-10-04,12,B,1698
153,三浦,義久,ミウラ,ヨシヒサ,男,0194981791,yoshihisa461@prfcxf.xj,026-0045,岩手県,釜石市,小川町,4-17-4,,2000-06-05,18,A,151
154,澤田,政幸,サワダ,マサユキ,男,0194646461,masayuki9804@hmadb.mf,029-4205,岩手県,奥州市,前沢区六本松,2-1-12,,2015-03-28,3,B,4705
155,植田,正次,ウエダ,ショウジ,男,0191844765,shouji_ueda@zthwrda.hdo,027-0092,岩手県,宮古市,愛宕,4-5-7,愛宕アパート419,2005-09-07,12,B,8210
156,勝田,孝子,カツタ,タカコ,女,0191090259,takako_katsuta@soccwxuyl.bt.kp,020-0553,岩手県,岩手郡雫石町,下曽根田,1-5-14,,2013-04-20,5,A,3259
157,岩沢,三雄,イワサワ,ミツオ,男,0192832541,mitsuo81705@gtxy.sau,021-0812,岩手県,一関市,樋渡,4-9,,2002-12-09,15,O,1427
158,松元,正敏,マツモト,マサトシ,男,0195117206,mwsssiq-ohsnymasatoshi815@urfigrqr.gvz,027-0387,岩手県,宮古市,田老畑,2-20-19,,2009-07-05,8,A,8338
159,永島,唯菜,ナガシマ,ユイナ,女,0198902518,yuina69287@rexvrrf.tf.bra,029-4362,岩手県,奥州市,衣川区小林山,1-11,パレス衣川区小林山410,1989-06-05,29,A,1207
160,飯塚,美幸,イイヅカ,ミユキ,女,0190410479,iiizuka@yyyvhbeapt.gyq.ld,029-4205,岩手県,奥州市,前沢区沼ノ沢,4-8,,1998-06-16,19,B,7729
161,喜多,英光,キタ,ヒデミツ,男,0195582830,hidemitsu14004@wwpg.fgu,029-4206,岩手県,奥州市,前沢区太郎ケ沢,3-8-12,ロイヤル前沢区太郎ケ沢413,2015-01-18,3,AB,2798
162,竹中,智子,タケナカ,トモコ,女,019259293,otakenaka@gidfmywhqm.lwj,028-2101,岩手県,宮古市,茂市,1-3-7,,2008-04-12,10,B,817
163,竹村,威雄,タケムラ,タケオ,男,0195667837,takeo2474@ekfnifscs.yef,028-6841,岩手県,二戸市,浄法寺町松岡,1-9-19,,1992-05-03,26,O,4053
164,横山,佳歩,ヨコヤマ,カホ,女,0190272823,kaho8507@qshkyjtpgr.wt,025-0252,岩手県,花巻市,鉛,3-20-11,,2003-07-16,14,A,7182
165,立石,明仁,タテイシ,アキヒト,男,0192735133,Akihito_Tateishi@rwxrjf.cmd,028-6862,岩手県,二戸市,浄法寺町寺ノ上,2-16-12,,2014-09-18,3,O,7986
166,大沢,翔子,オオサワ,ショウコ,女,0196173657,shouko1352@refqh.puha.qa,023-0873,岩手県,奥州市,水沢区笹森谷地,4-16-20,,2004-04-26,14,B,8608
167,栗本,麻理,クリモト,マリ,女,0192687075,mari5288@rhift.ggi,029-4324,岩手県,奥州市,衣川区正板,1-4-1,,2008-04-07,10,O,5710
168,澤田,公子,サワダ,キミコ,女,0195999013,kimiko_sawada@ayjlb.ngwxn.mos,028-6965,岩手県,二戸市,浄法寺町谷地屋敷,1-17-5,浄法寺町谷地屋敷メゾン305,2002-06-28,15,A,18
169,広川,富夫,ヒロカワ,トミオ,男,0199159885,tomio9430@ztmbbiva.vn,028-8404,岩手県,下閉伊郡田野畑村,松前沢,2-4-12,,2002-09-15,15,A,96
170,赤塚,遥華,アカツカ,ハルカ,女,0193995190,haruka02572@hjynf.zfv,023-0026,岩手県,奥州市,水沢区里鎗,2-9-11,,1998-09-17,19,A,5407
171,園田,菜那,ソノダ,ナナ,女,0199636501,nana7780@wlpecj.ik.dis,029-4206,岩手県,奥州市,前沢区陣場,1-11,前沢区陣場ランド310,1993-07-04,24,O,2583
172,稲田,楓花,イナダ,フウカ,女,0192373703,fuuka6010@xbfie.rn,025-0089,岩手県,花巻市,豊沢町,3-14,豊沢町プラザ405,2010-06-19,7,O,3945
173,高山,勝久,タカヤマ,カツヒサ,男,0196641571,wisrzs=fdkatsuhisa4281@toegzooqvb.uhz,028-0661,岩手県,遠野市,附馬牛町上附馬牛,4-2,,1994-08-09,23,A,3817
174,神保,百華,ジンボ,モモカ,女,0192956302,momokajimbo@ttpx.uxl,028-8202,岩手県,九戸郡野田村,玉川,1-5-4,玉川の杜318,2011-06-02,7,A,7541
175,坪井,康夫,ツボイ,ヤスオ,男,0191780325,yasuo892@alyjstnzdc.nf,023-0102,岩手県,奥州市,水沢区羽田町駅東,3-19,,2004-05-29,14,O,8737
176,迫田,兼吉,サコタ,カネキチ,男,0198177284,kanekichi96035@uwieyxx.awx,026-0003,岩手県,釜石市,嬉石町,4-20-3,スイート嬉石町319,2011-11-13,6,A,261
177,加納,良二,カノウ,リョウジ,男,0199534294,ryouji30970@awng.qr.ny,028-7551,岩手県,八幡平市,新田,3-3-18,,2000-06-09,18,B,4331
178,野中,雪乃,ノナカ,ユキノ,女,0191908284,Yukino_Nonaka@ftqdysgmz.huog.lf,026-0034,岩手県,釜石市,中妻町,3-18-19,,2008-04-24,10,O,2535
179,石崎,五月,イシザキ,サツキ,女,0192229644,satsuki480@ggfpkugpmm.mri,027-0383,岩手県,宮古市,田老上摂待,4-3-16,,2008-05-27,10,A,1640
180,砂川,雅江,サガワ,マサエ,女,0195894689,esagawa@kyozdagejw.hlz,028-6883,岩手県,二戸市,浄法寺町荒谷,3-8,,1998-02-28,20,B,2030
181,棚橋,雄大,タナハシ,ユダイ,男,0198870762,yudai44478@usxrfh.mb,028-8401,岩手県,下閉伊郡田野畑村,長根,3-5-1,,2012-03-23,6,O,6474
182,毛利,早苗,モウリ,サナエ,女,0194779368,sanae14596@xfjlyhkav.dgk,026-0042,岩手県,釜石市,源太沢町,1-1-7,ステージ源太沢町112,1990-09-24,27,O,5845
183,比嘉,裕二,ヒガ,ユウジ,男,0191778041,z-=perwoxagryuuji1334@cthvkp.uds.ikj,027-0323,岩手県,宮古市,田老野原,3-20-3,キャッスル田老野原119,2017-09-13,0,O,9685
184,高沢,浩次,タカザワ,コウジ,男,0193407810,Kouji_Takazawa@jyoldxr.vml,028-6816,岩手県,二戸市,浄法寺町上谷地,3-19-5,ドリーム浄法寺町上谷地314,1992-06-05,26,B,2608
185,風間,日奈,カザマ,ヒナ,女,0192072284,ucttuayfxphina750@vdiavbwjn.pb,020-0537,岩手県,岩手郡雫石町,上町西,3-1-10,上町西コンフォート312,1991-06-19,26,A,6916
186,川合,武裕,カワイ,タケヒロ,男,0198150523,okawai@qmdijjk.pbj,023-0853,岩手県,奥州市,水沢区東上野町,4-13-14,,2008-10-28,9,O,3817
187,谷川,信生,タニガワ,ノブオ,男,019546747,nobuo409@pgsu.omj,028-6929,岩手県,二戸市,浄法寺町大清水空久保,2-5,,2015-09-14,2,O,8055
188,高木,友里,タカギ,ユリ,女,0195402778,yuri_takagi@oufopsdpck.tgyy.hy,029-4205,岩手県,奥州市,前沢区川内,1-7-3,ザ前沢区川内411,2006-01-06,12,A,44
189,前野,百花,マエノ,モモカ,女,0192612010,amaeno@ztdcc.ggv.vn,029-4402,岩手県,奥州市,衣川区星屋,3-3-14,,2002-11-13,15,B,4693
190,庄司,美琴,ショウジ,ミコト,女,0193986582,mikotoshouji@oowc.pc,028-6835,岩手県,二戸市,浄法寺町漆沢下モ前田,2-19-9,ハウス浄法寺町漆沢下モ前田215,2008-05-29,10,O,5672
191,熊谷,真由子,クマガヤ,マユコ,女,0192140634,faxskjz-qummayuko327@uvnklimim.pm,028-0103,岩手県,花巻市,東和町石鳩岡,3-8-3,,1999-04-08,19,B,1269
192,川上,陸,カワカミ,リク,男,0198004453,riku2332@bwagvtl.vdo,020-0041,岩手県,盛岡市,境田町,4-3-11,,2013-08-18,4,A,9815
193,山村,好一,ヤマムラ,ヨシカズ,男,019775130,yoshikazu511@ryyfvnedw.pv,028-6954,岩手県,二戸市,浄法寺町早坂,2-2-19,浄法寺町早坂ロイヤル419,2016-10-25,1,O,6748
194,関谷,治男,セキヤ,ハルオ,男,0198882797,haruo436@njkm.tcn.vp,028-6301,岩手県,九戸郡軽米町,上舘,4-6,,1994-07-13,23,B,7394
195,深沢,忠雄,フカザワ,タダオ,男,0198145474,ofukazawa@kofl.ms,020-0828,岩手県,盛岡市,大慈寺町,2-8-18,,2013-02-01,5,A,6959
196,長谷,麻子,ナガヤ,マコ,女,0192602205,mako38520@vbpbc.izn.fyl,028-6918,岩手県,二戸市,浄法寺町サイカツ平,4-20-20,,2008-07-02,9,O,2205
197,梶田,敏昭,カジタ,トシアキ,男,0198686034,toshiaki3348@pmjhveu.vje,025-0304,岩手県,花巻市,湯本,2-14,湯本テラス409,2005-01-06,13,A,9394
198,碓井,安弘,ウスイ,ヤスヒロ,男,0193098250,yasuhiro22510@wtrcwtac.zds,029-4445,岩手県,奥州市,衣川区七日市場,1-18,,2000-05-29,18,A,5577
199,伴,勇三,バン,ユウゾウ,男,0192532955,yuuzou_ban@ywqxudfuxg.fr,028-6914,岩手県,二戸市,浄法寺町和泉田,2-3-15,,2005-10-03,12,O,899
200,松下,勇吉,マツシタ,ユウキチ,男,0195145952,sjkstnlvyuukichi8989@pcxhswtdq.xyf,021-0853,岩手県,一関市,相去,1-7,,1995-08-02,22,A,4982
201,大浦,清太郎,オオウラ,セイタロウ,男,0198285925,ri-w-xxseitarou355@juxwbxtvmt.gqn,023-0023,岩手県,奥州市,水沢区八反町,2-7-5,,1995-08-14,22,B,9247
202,大澤,良之,オオサワ,ヨシユキ,男,0195392886,amywsz==yoshiyuki30007@zwdfayfe.abc,026-0034,岩手県,釜石市,中妻町,4-2,,1994-01-09,24,O,9122
203,福井,花梨,フクイ,カリン,女,0194468177,karin322@xcpqeimgeu.dmg,028-0116,岩手県,花巻市,東和町北成島,2-5-17,東和町北成島ステージ109,1990-10-15,27,A,2418
204,戸田,公雄,トダ,キミオ,男,0195813154,ciwqptcpkimio4291@aqtvq.ri,029-2205,岩手県,陸前高田市,高田町,4-10,高田町ガーデン402,2012-05-14,6,A,530
205,村上,恵美,ムラカミ,エミ,女,0198530445,emi2154@xnaqfogufp.dfv,026-0055,岩手県,釜石市,甲子町,2-7,,1995-06-19,22,A,9358
206,垣内,康博,カキウチ,ヤスヒロ,男,0191816663,kfalrnaqqtobyiyasuhiro803@fcirtfn.id,028-8351,岩手県,下閉伊郡普代村,下村,1-9-17,コンフォート下村216,1994-12-18,23,AB,1393
207,川村,麻美,カワムラ,アサミ,女,0193906856,uaaibia-asami997@ainklws.yks,029-4208,岩手県,奥州市,前沢区粟ケ島,3-13-16,,2011-06-05,7,O,6432
208,奥田,玲菜,オクダ,レナ,女,0191669824,fxdj=hxlqo=rena86115@tbblhv.et.ulm,028-3603,岩手県,紫波郡矢巾町,西徳田,2-17-17,西徳田レジデンス209,2016-12-21,1,O,9156
209,米山,晴夫,コメヤマ,ハルオ,男,0199274668,Haruo_Komeyama@wczzzgmu.grf,027-0062,岩手県,宮古市,泉町,4-18-3,,2017-01-30,1,A,4178
210,大澤,美愛,オオサワ,ミア,女,0195274297,miaoosawa@bnpmqdgi.pxz,023-0876,岩手県,奥州市,水沢区鶴淵,1-8,水沢区鶴淵ランド210,2009-01-26,9,A,7796
211,岸田,文乃,キシダ,アヤノ,女,0195529239,ayano1031@eevzhvqipa.ru,027-0611,岩手県,下閉伊郡岩泉町,安家,2-7-17,,1988-07-30,29,O,4182
212,福永,佳穂,フクナガ,カホ,女,0192507291,kgos=sxr-zcuokaho433@gvfodznfm.fjb,020-0842,岩手県,盛岡市,湯沢,2-19,,2011-12-21,6,O,3495
213,山下,愛梨,ヤマシタ,アイリ,女,0195208752,aekkkzuiqrsairi2054@rbgdtkvs.pq,028-6101,岩手県,二戸市,福岡,4-1,レジデンス福岡207,2000-04-16,18,A,255
214,江原,光,エバラ,アキラ,男,0196743706,aebara@qottaooaow.st.chg,029-4424,岩手県,奥州市,衣川区九輪堂,2-14-1,,2003-01-05,15,O,9024
215,山口,芳久,ヤマグチ,ヨシヒサ,男,0191411794,bkslxwhcvhaldyoshihisa13186@fdvcfw.ozbp.hb,028-7506,岩手県,八幡平市,安代寺田,3-7,,1995-10-10,22,A,8377
216,吉崎,喜市,ヨシザキ,キイチ,男,0194904454,kiichi243@mmlvetk.vwh,028-0122,岩手県,花巻市,東和町谷内,4-2,,2006-10-23,11,A,4731
217,保田,紀夫,ヤスダ,ノリオ,男,0193049274,norio33774@nmcipd.yqp,028-3612,岩手県,紫波郡矢巾町,下矢次,4-20,,2000-07-04,17,B,2221
218,鶴岡,一平,ツルオカ,イッペイ,男,0190157217,ippei_tsuruoka@sfdkym.geo.sq,028-6838,岩手県,二戸市,浄法寺町向田,3-6-5,,2004-10-22,13,A,6715
219,榎本,利恵,エノモト,リエ,女,0191485710,gypvxevangbawxerie901@moiushd.nu,028-1351,岩手県,下閉伊郡山田町,長崎,2-5,長崎アパート210,2016-12-15,1,A,2520
220,林田,麻子,ハヤシダ,マコ,女,019557590,Mako_Hayashida@dwgvtz.ou,029-4497,岩手県,奥州市,衣川区餅転,4-6-2,,2001-01-28,17,B,5555
221,小菅,岩生,コスゲ,イワオ,男,0197515416,jvfsiaa=vnkjaiwao186@fonzzka.fdr,028-5306,岩手県,二戸郡一戸町,中里,2-8-2,,1994-04-02,24,O,7210
222,伊藤,雅,イトウ,ミヤビ,女,0192097891,miyabi0520@wfqujijbyh.eo,020-0505,岩手県,岩手郡雫石町,中黒沢川,1-11,,1996-12-08,21,A,2395
223,倉田,千裕,クラタ,チヒロ,女,0195421146,atqqvehdl=chihiro7534@fjvd.se.oz,028-0772,岩手県,遠野市,上郷町細越,2-5-8,,2014-09-27,3,O,6294
224,北山,響子,キタヤマ,キョウコ,女,0191828132,kyouko6068@mlchaj.tgm,028-6953,岩手県,二戸市,浄法寺町木沢畑向,2-6,,1995-07-20,22,O,9164
225,新田,忠義,ニッタ,タダヨシ,男,0190724447,tadayoshi53155@ksqzg.klx,020-0584,岩手県,岩手郡雫石町,西根,3-7,西根ランド410,1999-07-27,18,A,1940
226,嶋田,雅春,シマダ,マサハル,男,0199922430,Masaharu_Shimada@wjoepz.fsz,028-8401,岩手県,下閉伊郡田野畑村,三沢,3-8,,1995-02-14,23,A,8116
227,岡崎,鉄男,オカザキ,テツオ,男,0196550310,tetsuookazaki@mtxdnspt.dxllw.tm,028-1132,岩手県,上閉伊郡大槌町,大ケ口,1-5,大ケ口タウン215,2014-02-27,4,O,5163
228,大森,正則,オオモリ,マサノリ,男,0191986952,masanorioomori@xywjpymyae.fxg,028-0155,岩手県,花巻市,東和町南成島,4-7,東和町南成島コーポ311,1998-10-31,19,O,1236
229,中澤,千尋,ナカザワ,チヒロ,女,019113033,Chihiro_Nakazawa@qdcdcgpndr.rn,022-0007,岩手県,大船渡市,赤崎町,1-1,,2000-05-27,18,A,94
230,島田,広吉,シマダ,ヒロキチ,男,0196805325,ishimada@bttbuxja.pee,025-0045,岩手県,花巻市,西晴山,3-3-5,西晴山コンフォート217,1991-05-09,27,B,962
231,長沼,雛,ナガヌマ,ヒナ,女,0193630134,hina_naganuma@uxvxetegn.jd,028-6851,岩手県,二戸市,浄法寺町小池,4-20,,1988-08-27,29,O,1404
232,松尾,未羽,マツオ,ミウ,女,0196586214,miu5416@ayloxdwy.xd,023-0862,岩手県,奥州市,水沢区福吉町,2-18-20,ハイツ水沢区福吉町208,1993-12-14,24,A,5265
233,清水,文夫,キヨミズ,フミオ,男,0197385721,fumio78475@cavnetvh.iv,023-0035,岩手県,奥州市,水沢区赤土田,3-17-6,水沢区赤土田ロイヤルパレス210,2006-05-20,12,O,3256
234,菅原,麻央,スガハラ,マオ,女,0191089518,mao79508@uxie.opaao.fi,027-0053,岩手県,宮古市,長町,4-6-18,,2007-01-25,11,AB,6375
235,川嶋,美雪,カワシマ,ミユキ,女,0198067670,rkyxvdvremiyuki306@zgrykdeufy.ttwne.vrt,024-0044,岩手県,北上市,平沢,2-11-9,,2007-09-15,10,A,8196
236,角田,日向,カクタ,ヒナタ,女,0197550242,hinatakakuta@vygl.gmfb.na,023-0001,岩手県,奥州市,水沢区卸町,2-13-1,,2001-06-04,17,A,7056
237,吉川,隆二,ヨシカワ,リュウジ,男,0194862083,iyoshikawa@pctdeo.rsf,023-0171,岩手県,奥州市,江刺区田原,4-8-15,江刺区田原シーサイド407,1997-02-12,21,O,5716
238,笹原,栄伸,ササハラ,ヨシノブ,男,0192915736,usasahara@rrsdbzjfoz.rvp,029-4407,岩手県,奥州市,衣川区金成,3-9-9,,2003-05-10,15,B,1061
239,大沼,美結,オオヌマ,ミユ,女,0196801681,Miyu_Oonuma@fzyeryxv.lane.hdh,028-5222,岩手県,二戸郡一戸町,姉帯,2-6-6,ステーション姉帯316,1989-11-26,28,A,8567
240,片桐,菜々子,カタギリ,ナナコ,女,0191551138,okatagiri@pukejgo.yi.lyf,020-0837,岩手県,盛岡市,津志田町,2-16,,1999-07-29,18,O,5536
241,池田,栄吉,イケダ,エイキチ,男,0195275830,eikichi_ikeda@filnuyhq.yf,028-5301,岩手県,二戸郡一戸町,西法寺,2-13-1,西法寺ヴィレッジ400,1993-07-03,24,A,9773
242,志賀,一葉,シガ,カズハ,女,019583654,Kazuha_Shiga@zyixt.owfm.cqv,024-0021,岩手県,北上市,上野町,1-9-16,,2002-08-26,15,A,8663
243,今井,亜希,イマイ,アキ,女,0198282913,aki30547@ysnnwn.vda,028-1115,岩手県,上閉伊郡大槌町,上町,1-11-2,上町パーク419,2014-09-06,3,O,8777
244,持田,風花,モチダ,フウカ,女,0197679055,fuuka65104@fzaxluet.bnc,028-2633,岩手県,下閉伊郡川井村,平津戸,4-19-17,平津戸マンション214,2015-06-02,3,O,2532
245,金井,理桜,カネイ,リオ,女,0194583562,riokanei@phyl.hxk,027-0313,岩手県,宮古市,田老駿達,2-8-4,パーク田老駿達314,2004-07-30,13,O,2542
246,小俣,美紀子,オマタ,ミキコ,女,0194329025,oomata@pkwnwn.jwc,029-4208,岩手県,奥州市,前沢区立石,3-5-4,前沢区立石アパート303,1989-06-25,28,A,7511
247,荻原,文夫,オギワラ,フミオ,男,0195643336,fumio0136@bdwuwufq.sz,021-0011,岩手県,一関市,山目町,4-15-5,,1996-05-05,22,A,5193
248,野崎,峰雄,ノザキ,ミネオ,男,0197623171,mineo_nozaki@gpkz.veu,020-0873,岩手県,盛岡市,松尾町,3-14,松尾町シティ217,2016-10-26,1,A,5486
249,磯部,愛奈,イソベ,アイナ,女,0192317908,oapzjdqnspaina1430@wcvvfs.roi,028-5712,岩手県,二戸市,野々上,3-13-17,,2013-09-21,4,A,6585
250,安川,晴久,ヤスカワ,ハルヒサ,男,0197732891,oiqmcqspharuhisa5358@bvifodk.xb,024-0034,岩手県,北上市,諏訪町,3-10,,2012-08-31,5,A,8802
251,村山,若奈,ムラヤマ,ワカナ,女,0194718017,amurayama@wpgtbmhx.opq,029-4376,岩手県,奥州市,衣川区本巻,3-2,衣川区本巻ランド211,1999-10-02,18,A,1076
252,成田,芳夫,ナリタ,ヨシオ,男,0191693130,onarita@eujjxpeuzn.xd,026-0003,岩手県,釜石市,嬉石町,1-16-8,嬉石町アパート208,2006-09-14,11,O,2083
253,棚橋,政治,タナハシ,マサジ,男,0195136355,masaji3507@xivfhcmo.wja,027-0508,岩手県,下閉伊郡岩泉町,尼額,1-5,プラザ尼額417,1990-08-28,27,A,6056
254,根本,信行,ネモト,ノブユキ,男,0191940496,nobuyukinemoto@zcxromaytd.ze,029-2202,岩手県,陸前高田市,横田町,4-18-3,,2001-03-29,17,O,1158
255,氏家,遙,ウジイエ,ハルカ,女,0193590302,harukaujiie@iztietibn.mrsnl.rla,028-6912,岩手県,二戸市,浄法寺町中前田,3-14-14,,2016-06-13,2,A,362
256,住田,総一朗,スミダ,ソウイチロウ,男,0194402369,Souichirou_Sumida@byjpetnnju.rqlu.bpx,028-8407,岩手県,下閉伊郡田野畑村,和野,2-1,和野グリーン401,2016-07-07,1,O,6083
257,金子,弘恭,カネコ,ヒロユキ,男,019380179,ikaneko@ackknvg.giac.yl,029-0131,岩手県,一関市,狐禅寺,2-6-7,狐禅寺プラチナ306,2017-01-04,1,AB,9000
258,臼井,勝男,ウスイ,カツオ,男,0190358369,katsuo73164@tbhqcwxsgw.fuqys.trc,028-3301,岩手県,紫波郡紫波町,中島,4-8-20,中島タウン313,1994-08-28,23,A,3180
259,西原,武雄,ニシハラ,タケオ,男,0191177192,takeo46261@rhjxhktbou.ohz,028-7678,岩手県,八幡平市,小森,4-5-12,,2006-03-05,12,A,2108
260,大熊,聖,オオクマ,ヒジリ,女,0193677213,hijiriookuma@vlsfxajc.jf,028-7654,岩手県,八幡平市,小峠,2-9-5,,1999-04-19,19,A,3612
261,大和,浩之,ダイワ,ヒロユキ,男,0196864494,hiroyuki56919@uwcprnoeoa.hqj,028-7511,岩手県,八幡平市,下の田,2-20-11,,1999-07-10,18,O,2693
262,増山,真理雄,マスヤマ,マリオ,男,019462326,omasuyama@ownkyojvv.bh,029-4342,岩手県,奥州市,衣川区高保呂,2-6-10,ステージ衣川区高保呂214,2010-08-21,7,O,8152
263,花田,里歩,ハナダ,リホ,女,0199514304,ohanada@bnnztwpkv.kls,027-0077,岩手県,宮古市,舘合町,3-18-10,,2004-10-19,13,O,4488
264,阪本,哲,サカモト,サトシ,男,0195213104,Satoshi_Sakamoto@voiu.ne,028-4124,岩手県,盛岡市,玉山区馬場,2-18-15,玉山区馬場アパート416,1998-10-28,19,A,9904
265,安永,正一郎,ヤスナガ,ショウイチロウ,男,0199599639,Shouichirou_Yasunaga@liww.gy.lit,025-0005,岩手県,花巻市,田力,4-14,田力フォレスト208,2009-06-26,8,A,5428
266,栗本,大輔,クリモト,ダイスケ,男,0197414472,daisuke78156@ztbirz.dr,029-4329,岩手県,奥州市,衣川区上寺田,2-13,衣川区上寺田グランド408,1990-09-07,27,A,15
267,長崎,朋香,ナガサキ,トモカ,女,0195482243,tomoka673@fyvgvxsos.sbb,028-3203,岩手県,花巻市,大迫町大迫,4-8,,2008-09-23,9,A,2808
268,杉浦,雅樹,スギウラ,マサキ,男,0192317526,masaki608@hrhswpqg.pwo,028-3601,岩手県,紫波郡矢巾町,高田,1-12-17,,1992-12-31,25,B,9982
269,黒木,太郎,クロキ,タロウ,男,0194518089,taroukuroki@nvncrot.qrzb.bj,020-0108,岩手県,盛岡市,東黒石野,4-16-20,ダイヤモンド東黒石野313,1997-04-05,21,B,6915
270,三上,善太郎,ミカミ,ゼンタロウ,男,0199621229,umikami@ncesixtixs.nyfi.dc,027-0047,岩手県,宮古市,根市,3-17-2,,1994-05-09,24,A,9306
271,星野,文乃,ホシノ,アヤノ,女,0197630123,Ayano_Hoshino@rgoxnozo.jtr,025-0068,岩手県,花巻市,下幅,3-10-16,,2003-06-02,15,O,5674
272,天野,美香,アマノ,ミカ,女,019109682,mika49274@cqnlnkaxh.qo,027-0383,岩手県,宮古市,田老上摂待,4-12,,2004-05-25,14,A,7378
273,大西,隆司,オオニシ,タカシ,男,0197248430,takashi1681@neadnji.own,020-0874,岩手県,盛岡市,南大通,3-11-17,,1998-12-15,19,A,43
274,小堀,一寿,コボリ,カズヒサ,男,0195914450,Kazuhisa_Kobori@iyxeh.mxcj.qc,027-0304,岩手県,宮古市,田老ケラス,3-20-6,,2015-01-08,3,B,2955
275,平尾,玲子,ヒラオ,レイコ,女,0191869071,reiko_hirao@vfqpzdf.utrw.qum,027-0058,岩手県,宮古市,千徳,1-4-4,,1997-05-19,21,B,4741
276,和田,一樹,ワダ,カズキ,男,019433459,kazuki_wada@goho.izt,020-0825,岩手県,盛岡市,高崩,4-4-13,高崩ダイヤモンド118,2008-10-22,9,A,5194
277,生田,幸恵,イクタ,ユキエ,女,0195009857,eikuta@mcbcret.invhk.qm,020-0841,岩手県,盛岡市,羽場,1-19-2,,2003-09-02,14,A,1573
278,平,遙,タイラ,ハルカ,女,0199886019,haruka22630@khke.albl.rct,028-1311,岩手県,下閉伊郡山田町,大沢,1-10,,1991-09-24,26,B,4336
279,伊沢,理子,イザワ,リコ,女,0194653560,riko1396@mizdguoj.aqd,023-0402,岩手県,奥州市,胆沢区小山,3-20-12,ザ胆沢区小山218,2016-04-24,2,A,9062
280,川端,慶一,カワバタ,ケイイチ,男,0193409906,keiichikawabata@ewqmg.lax,028-3536,岩手県,紫波郡紫波町,北田,2-7-19,,1995-05-31,23,A,5379
281,奥野,莉紗,オクノ,リサ,女,0195367441,risa228@eapq.txl,027-0023,岩手県,宮古市,磯鶏沖,1-1-4,,1995-06-24,22,A,193
282,高嶋,百恵,タカシマ,モモエ,女,0191198964,momoe410@tbgmbzw.yxot.xt,028-8401,岩手県,下閉伊郡田野畑村,三沢,4-7,ステーション三沢419,2000-12-26,17,B,2276
283,河井,貞二,カワイ,テイジ,男,0192029084,teiji8929@uhmzft.jxl,029-4205,岩手県,奥州市,前沢区うるし野,2-9-1,,2008-02-14,10,AB,562
284,大沼,和幸,オオヌマ,カズユキ,男,0193442727,ioonuma@czvja.zw.gq,029-4497,岩手県,奥州市,衣川区餅転,1-2-8,衣川区餅転プレシャス215,2003-02-03,15,O,6348
285,松永,修一,マツナガ,シュウイチ,男,0196217705,imatsunaga@zopcrgfe.asrbn.wl,025-0304,岩手県,花巻市,湯本,1-9,,2014-05-19,4,O,5466
286,立川,清子,タチカワ,キヨコ,女,0192017926,otachikawa@iuuxbehxse.nf,029-0803,岩手県,一関市,千厩町千厩,4-8-8,,1992-06-12,26,A,5574
287,安西,博一,アンザイ,ヒロカズ,男,0198931452,hirokazu487@eoymniv.xmi.yts,028-6927,岩手県,二戸市,浄法寺町湯沢,3-2-18,レジデンス浄法寺町湯沢119,2013-04-19,5,A,7471
288,高崎,敏昭,タカサキ,トシアキ,男,0196747095,toshiaki02403@mpxjey.rq,027-0377,岩手県,宮古市,田老重津部北,3-2,,2017-09-22,0,A,207
289,神田,信義,カンダ,ノブヨシ,男,0194738742,Nobuyoshi_Kanda@mnoiotri.bf,023-1102,岩手県,奥州市,江刺区八日町,4-18-6,江刺区八日町スカイ413,2010-11-22,7,A,6690
290,大森,利平,オオモリ,リヘイ,男,0198824858,rihei_oomori@qfbiwz.prv,028-6819,岩手県,二戸市,浄法寺町馬洗場,2-9,,2005-04-09,13,O,8591
291,須田,裕子,スダ,ヒロコ,女,0194004328,hiroko_suda@kokiblfdu.qk.lq,029-5619,岩手県,和賀郡西和賀町,沢内弁天,4-11-15,,2010-11-22,7,O,3980
292,稲垣,正彦,イナガキ,マサヒコ,男,0196130647,masahiko_inagaki@uxfmvlkn.pru,028-3453,岩手県,紫波郡紫波町,土舘,4-4-4,,1993-06-19,24,AB,7261
293,坪井,彩芽,ツボイ,アヤメ,女,0197814155,etsuboi@ctjiv.gr,028-0136,岩手県,花巻市,東和町小原,4-5-15,東和町小原プラザ414,2001-03-03,17,AB,3196
294,桑田,達徳,クワタ,タツノリ,男,0194779196,ikuwata@bvqtuflse.wx,029-5522,岩手県,和賀郡西和賀町,巣郷６３地割,3-7-16,,1995-05-12,23,O,3314
295,久米,紀子,クメ,ノリコ,女,0194505506,noriko315@pyqsuwlge.dkk.uk,025-0007,岩手県,花巻市,上似内,2-10,,2005-08-12,12,B,7831
296,岡田,敏明,オカダ,トシアキ,男,0193730095,Toshiaki_Okada@mqulata.oqp,028-5401,岩手県,岩手郡葛巻町,田部,2-6-5,リバーサイド田部418,2003-11-04,14,O,1983
297,沖田,宙子,オキタ,ヒロコ,女,0193104201,hiroko09730@dvvfigmqod.adrcm.xwe,025-0305,岩手県,花巻市,台,2-10-16,コーポ台417,2001-11-24,16,O,9219
298,井原,賢,イハラ,ケン,男,0197434583,ken54829@trfz.lqi,028-7906,岩手県,九戸郡洋野町,中野,4-2,,2011-01-10,7,A,8407
299,石坂,和之,イシザカ,カズユキ,男,0191680383,wilagk-kazuyuki2995@lfpixnfhr.vc,023-0022,岩手県,奥州市,水沢区中城,3-18,,1995-10-09,22,A,9104
300,坂田,歩美,サカタ,アユミ,女,0194614426,ayumi395@gzbbuxd.fh,028-2421,岩手県,下閉伊郡川井村,江繋,2-3-7,江繋アパート313,2002-09-26,15,A,7994
301,橋本,優子,ハシモト,ユウコ,女,0198274753,ohashimoto@wenmywqdw.smln.eyn,028-7111,岩手県,八幡平市,大更,4-7-12,ハイツ大更315,2011-12-19,6,A,3386
302,宇佐美,敏男,ウサミ,トシオ,男,019001978,ousami@vypkykmis.go,023-0047,岩手県,奥州市,水沢区立町,2-18,コーポ水沢区立町108,2006-09-28,11,AB,5823
303,片山,麗華,カタヤマ,レイカ,女,019476878,reika96494@erodgizc.to,020-0556,岩手県,岩手郡雫石町,名子,3-3-15,,1994-12-15,23,A,703
304,中林,知佳,ナカバヤシ,チカ,女,0196550640,anakabayashi@nlydneqo.om,029-4504,岩手県,胆沢郡金ケ崎町,永沢,3-18,永沢プラチナ403,2009-09-24,8,B,8779
305,石沢,晃子,イシザワ,アキコ,女,0193448813,akiko10271@mawmuqbyl.kf,028-7629,岩手県,八幡平市,白沢口,1-8-6,白沢口タワー215,1993-11-22,24,A,4004
306,関根,千春,セキネ,チハル,女,0198155182,chiharu98144@opmuelkb.dyw,025-0301,岩手県,花巻市,北湯口,1-18,,2015-07-31,2,O,8841
307,浅野,大輝,アサノ,ダイキ,男,0193803419,xjrjueoldkldaiki5925@rsdivt.hur,027-0094,岩手県,宮古市,日の出町,4-12-9,リバーサイド日の出町200,1997-08-07,20,AB,6439
308,加賀,紀幸,カガ,ノリユキ,男,0197457872,evpkhord=ddgwnoriyuki22485@dpsjidcmmu.fwm,029-4204,岩手県,奥州市,前沢区向田,3-17,,1995-06-07,23,AB,6835
309,花岡,陽菜子,ハナオカ,ヒナコ,女,0194018179,hinako0054@mdqulunreo.ts,020-0113,岩手県,盛岡市,上田堤,2-17-4,,2016-01-31,2,A,372
310,上杉,一美,ウエスギ,カズミ,女,0197053742,kazumi99087@jjwfrykvq.tnxc.qa,025-0004,岩手県,花巻市,葛,1-1-16,ロイヤル葛119,2013-03-11,5,O,8205
311,水上,卓雄,ミズカミ,タクオ,男,019946720,takuomizukami@mqzoc.il,029-4206,岩手県,奥州市,前沢区簾森,3-19-4,,2014-12-05,3,O,3266
312,進藤,弘恭,シンドウ,ヒロユキ,男,0197358922,Hiroyuki_Shindou@rzzlrzfa.dkh,020-0861,岩手県,盛岡市,仙北,2-1-9,,1996-07-06,21,A,289
313,富樫,忠吉,トガシ,チュウキチ,男,0191025398,chuukichi59554@tnbysvt.gsq.rnc,020-0108,岩手県,盛岡市,東黒石野,4-6,東黒石野の杜416,2006-08-14,11,B,294
314,宮脇,徳雄,ミヤワキ,トクオ,男,0193774662,omiyawaki@szuciin.ga.lqh,023-0096,岩手県,奥州市,水沢区向田,2-3,,2002-10-20,15,AB,416
315,水田,金作,ミズタ,キンサク,男,0191075118,kinsaku25252@xrzafvam.ol,022-0101,岩手県,大船渡市,三陸町越喜来,1-14-8,リバーサイド三陸町越喜来404,2006-01-29,12,A,3584
316,尾形,麻子,オガタ,マコ,女,0194546880,mako190@ipxdslq.ho,028-0512,岩手県,遠野市,東上組町,2-8-14,,1990-08-23,27,O,8044
317,河村,弘,カワムラ,ヒロシ,男,0190057239,ikawamura@zgpvudtsr.qrb,029-5513,岩手県,和賀郡西和賀町,本内４６地割,2-1-16,,2012-12-15,5,AB,7929
318,金田,重樹,カナダ,シゲキ,男,0196603346,shigeki2645@tuchbt.vad,023-0816,岩手県,奥州市,水沢区西町,2-6-6,水沢区西町プレイス118,1991-07-02,26,A,5228
319,秦,道世,ハタ,ミチヨ,女,0192218300,Michiyo_Hata@qguddbugw.xlj,027-0037,岩手県,宮古市,松山,3-11-8,,1994-11-17,23,A,8477
320,森,利男,モリ,トシオ,男,0193247334,toshio3390@kcfeqzmfx.qyr.jqr,027-0355,岩手県,宮古市,田老末前,3-13,,1991-07-02,26,A,3662
321,大貫,恵利,オオヌキ,エリ,女,0193190228,ioonuki@gynpvqf.xjr.zf,028-4132,岩手県,盛岡市,玉山区渋民,2-12-18,,2012-02-08,6,O,7642
322,星,結香,ホシ,ユイカ,女,0199793359,ahoshi@fwlvaqa.kuo,028-1112,岩手県,上閉伊郡大槌町,大町,1-4-9,パレス大町206,2014-11-01,3,O,5204
323,野原,勝也,ノハラ,カツヤ,男,0196091209,Katsuya_Nohara@yassoimdn.gx,020-0807,岩手県,盛岡市,加賀野,4-18,,2000-08-28,17,A,1955
324,浅沼,龍宏,アサヌマ,リュウコウ,男,0191760039,uasanuma@sxbpou.ni.cp,023-0094,岩手県,奥州市,水沢区五輪,3-9-19,ドリーム水沢区五輪200,1997-06-15,21,B,9283
325,諏訪,絢音,スワ,アヤネ,女,0192453167,ayanesuwa@bibkdsvoue.gtl,028-0105,岩手県,花巻市,東和町前田,3-10,,2015-08-03,2,A,569
326,雨宮,永二,アメミヤ,エイジ,男,0192951806,eiji68523@lsheaizqfm.lvmwq.zaj,020-0101,岩手県,盛岡市,岩脇町,4-13-18,,2014-06-22,3,B,7892
327,福沢,典子,フクザワ,ノリコ,女,0195604010,noriko69032@pzhkvrb.liw,020-0845,岩手県,盛岡市,湯沢南,2-5,テラス湯沢南311,2016-11-18,1,A,5495
328,三田,晶,ミタ,アキラ,男,0198449755,akira64998@ktoflgtghy.lb,029-4207,岩手県,奥州市,前沢区平前,3-20-6,前沢区平前スイート214,2017-06-11,1,AB,2700
329,仲野,芳夫,ナカノ,ヨシオ,男,019480635,ixpgn=cugsvjyoshio51618@ulidsa.pn.bgr,028-2102,岩手県,宮古市,蟇目,1-16-6,,1996-02-23,22,A,1888
330,鬼頭,奏,キトウ,カナデ,女,0198725884,ekitou@anyu.kot,029-0431,岩手県,一関市,大東町猿沢,2-6,タウン大東町猿沢315,1992-08-02,25,B,6822
331,神保,知子,ジンボ,トモコ,女,0195108379,hmpgua-oqygntomoko6198@sdlibwxx.dbf,028-6105,岩手県,二戸市,堀野,1-10,,2009-07-09,8,B,7233
332,安田,矩之,ヤスダ,ノリユキ,男,0194070805,noriyuki_yasuda@jmgfaz.rpcw.bo,028-6843,岩手県,二戸市,浄法寺町堤口,2-9,,1988-09-23,29,O,4817
333,浅田,早百合,アサダ,サユリ,女,0190624880,sayuri04376@tqmusxtkcr.mcy,028-1303,岩手県,下閉伊郡山田町,荒川,2-13-14,,2004-11-28,13,B,7761
334,石山,紬,イシヤマ,ツムギ,女,0192426027,tsumugi85898@fzczb.vk,028-7611,岩手県,八幡平市,沖田表,3-2-15,,1988-08-16,29,O,8033
335,宮内,滋,ミヤウチ,シゲル,男,0192509629,shigeru6023@kqznvj.jyt,028-6812,岩手県,二戸市,浄法寺町下沢,1-9-9,,2011-07-05,6,O,4681
336,古橋,理歩,フルハシ,リホ,女,0197555956,riho807@bpmaqsrfio.wwxk.pgj,027-0203,岩手県,宮古市,津軽石,2-7-5,コンフォート津軽石309,1988-10-13,29,B,5824
337,窪田,伸夫,クボタ,ノブオ,男,0192047960,nobuo5697@hdzhvueb.usk,021-0832,岩手県,一関市,散田,2-13-6,,1989-07-22,28,O,7223
338,藤本,利津子,フジモト,リツコ,女,0194538385,ritsuko298@wvpzeqx.ip.ri,029-4342,岩手県,奥州市,衣川区高保呂,3-12-8,衣川区高保呂庵114,2004-11-19,13,A,8973
339,三田,千恵,ミタ,チエ,女,0194769709,chie581@iutu.ksw,027-0095,岩手県,宮古市,佐原,4-15,,1994-07-28,23,AB,7835
340,橘,日菜,タチバナ,ヒナ,女,0199988253,hina292@buzemes.sn,020-0506,岩手県,岩手郡雫石町,沼返,1-17,,2017-12-25,0,A,1247
341,江原,瑠衣,エバラ,ルイ,女,0193414987,rui976@luazunp.ns,023-0802,岩手県,奥州市,水沢区大畑小路,3-16-8,スイート水沢区大畑小路206,1999-11-28,18,A,2171
342,大関,浩志,オオゼキ,コウジ,男,0191365532,kouji44540@fxiwmb.tua,023-0075,岩手県,奥州市,水沢区水ノ口,4-10-20,,2013-01-19,5,B,6161
343,藤木,勇,フジキ,イサミ,男,0192862450,isami2078@sesqzlvu.anc,027-0372,岩手県,宮古市,田老水沢南,2-20-11,田老水沢南ステージ403,2006-06-15,12,O,541
344,片山,清人,カタヤマ,キヨト,男,0193860930,okatayama@jglicby.zy,028-1133,岩手県,上閉伊郡大槌町,金沢,3-17-8,,2007-10-16,10,B,8012
345,金城,徳次郎,カナシロ,トクジロウ,男,0199833308,tokujirou28357@lkomjpad.asi,029-1211,岩手県,一関市,室根町津谷川,2-10,室根町津谷川荘405,2012-06-23,5,B,1709
346,星,清香,ホシ,サヤカ,女,0195869322,Sayaka_Hoshi@jhoxkkmg.bq.blj,028-3185,岩手県,花巻市,石鳥谷町大瀬川,3-14-12,石鳥谷町大瀬川プラザ308,1988-09-17,29,B,9509
347,早川,正光,ハヤカワ,マサミツ,男,019523076,masamitsu82138@fymglewuz.dsl,027-0611,岩手県,下閉伊郡岩泉町,安家,3-6-3,安家ガーデン200,2002-01-31,16,A,5429
348,河口,彩希,カワグチ,サキ,女,0195171176,Saki_Kawaguchi@jpvow.ev,027-0085,岩手県,宮古市,黒田町,1-3-12,,1989-11-23,28,O,5584
349,山岡,勝義,ヤマオカ,カツヨシ,男,0193345963,katsuyoshi67649@hnbcu.dji,028-8361,岩手県,下閉伊郡普代村,北ノ股,4-16,,2003-09-20,14,B,1459
350,日高,雅信,ヒダカ,マサノブ,男,019858381,masanobu897@lzex.gtq,024-0063,岩手県,北上市,九年橋,1-15-13,,2016-01-30,2,A,4025
351,堀川,比呂美,ホリカワ,ヒロミ,女,0191837433,zhzrbrhiromi049@fbsavjru.hz,029-4308,岩手県,奥州市,衣川区大平,3-19-9,衣川区大平の杜300,1999-01-27,19,AB,8422
352,西川,紗和,ニシカワ,サワ,女,0196333388,sawa557@ktzuu.dol,027-0045,岩手県,宮古市,老木,4-3-12,老木シーサイド116,2016-04-06,2,A,3973
353,山形,隆雄,ヤマガタ,タカオ,男,0192256140,oyamagata@nhaxu.yt,028-8201,岩手県,九戸郡野田村,野田,3-16,,1996-01-20,22,O,5717
354,井口,環,イグチ,タマキ,女,019700127,tamaki8170@vgfqovo.dci,020-0061,岩手県,盛岡市,北山,1-3-14,北山ヴィレッジ307,2002-02-21,16,O,8757
355,堀江,英紀,ホリエ,ヒデノリ,男,0191606744,mwbxfa-zphidenori509@rkbyhvopci.zlp,029-4347,岩手県,奥州市,衣川区大西,2-13,,2013-10-05,4,O,7063
356,麻生,瑞貴,アソウ,ミズキ,女,0198299989,mizuki8873@vqeipl.xub,028-7405,岩手県,八幡平市,平舘,4-4,平舘テラス310,2002-10-23,15,B,1220
357,村岡,友一,ムラオカ,トモカズ,男,0199953548,tomokazu8049@txlrt.iq.lu,029-5511,岩手県,和賀郡西和賀町,上野々３９地割,1-9-12,,2017-09-29,0,O,9981
358,日比野,美香,ヒビノ,ミカ,女,0194492577,tluhfam=nnps=mika92038@jawhosokvh.nwl,029-4208,岩手県,奥州市,前沢区二十人町,4-11,前沢区二十人町ロイヤル213,2002-01-15,16,AB,9783
359,棚橋,希望,タナハシ,ノゾミ,女,019329644,nozomi73868@soblxobadb.al,028-0035,岩手県,久慈市,沢里,4-4-18,ヴィレッジ沢里303,1992-10-10,25,A,15
360,木本,香奈子,キモト,カナコ,女,0196166626,Kanako_Kimoto@dpcvloc.he,027-0087,岩手県,宮古市,横町,3-2-12,,1999-08-19,18,O,2921
361,吉岡,貞雄,ヨシオカ,サダオ,男,0197205825,sadao0615@nqdsqg.uvr,028-7634,岩手県,八幡平市,和屋敷道ノ上,1-4-18,和屋敷道ノ上レジデンス414,2015-01-05,3,A,4195
362,金谷,信雄,カナヤ,ノブオ,男,0198406717,nobuo10924@qttxdshwq.oqe,023-0852,岩手県,奥州市,水沢区山崎町,1-14,水沢区山崎町メゾン408,2011-07-17,6,B,4339
363,中村,重信,ナカムラ,シゲノブ,男,0199752129,shigenobu8085@emxubmriz.klwp.zij,028-0056,岩手県,久慈市,中町,2-12,,2014-07-16,3,O,2175
364,郡司,彩香,グンジ,アヤカ,女,0194690177,ayaka74800@gpecue.ia.rgi,028-0303,岩手県,遠野市,宮守町下鱒沢,4-15-10,レジデンス宮守町下鱒沢317,2008-06-13,10,AB,6145
365,木田,佳歩,キダ,カホ,女,0191709832,fnboqldlkaho302@vicb.ok.cy,028-8313,岩手県,下閉伊郡普代村,土取場,3-7-7,,2012-12-29,5,A,8143
366,長野,順一,ナガノ,ジュンイチ,男,0192426109,ylthow=lkljunichi78882@brhkshcuc.wxa,024-0074,岩手県,北上市,滑田,2-5-20,,2008-06-10,10,A,4427
367,会田,年子,アイダ,トシコ,女,0193636401,toshiko_aida@mvefcp.wgppx.ue,020-0053,岩手県,盛岡市,上太田,3-2-3,,2015-02-02,3,B,8445
368,内村,碧依,ウチムラ,アオイ,女,0197774856,aoi_uchimura@ntelogufhq.ikp.fa,029-4102,岩手県,西磐井郡平泉町,平泉,4-14-15,,2008-02-08,10,O,7268
369,古市,敏雄,フルイチ,トシオ,男,0195289310,toshiofuruichi@osbhjjkkw.scw.kcp,028-6855,岩手県,二戸市,浄法寺町浄法寺,4-20-15,,2002-12-01,15,A,9886
370,矢部,真穂,ヤベ,マホ,女,0197928300,Maho_Yabe@pikod.lfv.sv,028-7537,岩手県,八幡平市,曲田,2-16-16,,2009-04-04,9,A,9548
371,宮坂,由美子,ミヤサカ,ユミコ,女,0191629961,yumiko70816@icnd.mjs,028-2231,岩手県,下閉伊郡岩泉町,浅内,1-14,,2015-12-15,2,A,9463
372,森下,朱里,モリシタ,アカリ,女,0191202543,akari090@cfcdpojm.csb,020-0023,岩手県,盛岡市,内丸,1-14-12,,1995-06-12,23,O,9591
373,関根,春子,セキネ,ハルコ,女,0198546219,haruko36446@kvsthmqm.eqxr.waq,028-4305,岩手県,岩手郡岩手町,久保,4-2-8,コーポ久保115,1999-11-19,18,O,9501
374,合田,金治,アイダ,キンジ,男,0197884646,kinji2342@roxh.nci,029-5523,岩手県,和賀郡西和賀町,芦ケ沢７２地割,3-19,,2017-09-22,0,O,4960
375,佐久間,結月,サクマ,ユヅキ,女,0193032872,yuzuki50261@vfxpzhxoep.dys,023-0017,岩手県,奥州市,水沢区渋田,2-18-6,,2009-05-23,9,B,9590
376,山脇,晃,ヤマワキ,アキラ,男,0197676108,ayamawaki@ttvdwss.bovjv.gkt,023-0033,岩手県,奥州市,水沢区不断町,4-15-13,,2004-05-24,14,B,3456
377,今川,帆花,イマガワ,ホノカ,女,0195008838,honoka2694@phlcckwl.yihor.uvt,028-7657,岩手県,八幡平市,栗木田,1-11-17,,2004-11-17,13,O,6907
378,川嶋,寛,カワシマ,ヒロシ,男,0198680185,hiroshi7860@cxcp.rpqny.mc,027-0037,岩手県,宮古市,松山,3-11-14,松山ゴールデン413,2007-08-06,10,A,6431
379,平田,涼,ヒラタ,リョウ,女,0191239305,ryou72213@cmtxuiclf.jokps.jl,020-0016,岩手県,盛岡市,名須川町,3-16,名須川町パレス118,1993-06-07,25,O,5294
380,高橋,匡弘,タカハシ,マサヒロ,男,0198717130,ls=n-xqimasahiro61234@lnzlfodik.ove.wqa,028-3202,岩手県,花巻市,大迫町外川目,3-19-11,大迫町外川目コンフォート104,2003-09-15,14,AB,830
381,西村,堂下,ニシムラ,ドウシタ,女,0191560620,anishimura@qcfhjkjl.cc.tic,028-3102,岩手県,花巻市,石鳥谷町上口,4-20-18,石鳥谷町上口ハイツ102,2006-12-31,11,A,7533
382,長谷川,亜矢子,ハセガワ,アヤコ,女,0198861180,ayako16627@mavgwj.bk,021-0853,岩手県,一関市,相去,2-5-16,グリーン相去407,2017-11-29,0,A,7232
383,神野,松夫,カミノ,マツオ,男,0192019783,matsuo6044@apzy.thr,027-0311,岩手県,宮古市,田老和野,2-18,,1991-09-28,26,AB,3773
384,石山,泰介,イシヤマ,タイスケ,男,0195063439,taisuke_ishiyama@djkcukz.frro.dm,025-0022,岩手県,花巻市,十二丁目,1-3-1,十二丁目パーク111,2001-08-27,16,B,7102
385,宮内,裕,ミヤウチ,ユウ,男,0198246433,yuumiyauchi@tbofnnxiy.mg,024-0332,岩手県,北上市,和賀町竪川目,1-14,和賀町竪川目シーサイド205,2004-03-20,14,B,2404
386,植松,一弘,ウエマツ,カズヒロ,男,0191156827,kazuhiro9980@gymjsi.ov,028-6923,岩手県,二戸市,浄法寺町下村,2-3-14,ステージ浄法寺町下村419,2001-02-05,17,O,1227
387,滋賀,竜太,シガ,リュウタ,男,0197362660,ashiga@fhkwbykpti.mp,028-6983,岩手県,二戸市,浄法寺町下藤,4-20,,2015-02-01,3,O,3719
388,長沼,徹子,ナガヌマ,テツコ,女,0195083062,e-hzmwliacirtetsuko9873@fqmtaty.jg,028-6862,岩手県,二戸市,浄法寺町寺ノ上,4-1-14,リバーサイド浄法寺町寺ノ上317,2005-06-10,13,O,4559
389,海老原,裕紀,エビハラ,ユキ,女,0192480150,Yuki_Ebihara@flvdvwgsau.pkm.ply,029-4414,岩手県,奥州市,衣川区野田,1-2-8,,2007-09-29,10,O,220
390,福岡,正則,フクオカ,マサノリ,男,0198441184,masanori694@ysebkg.ms,028-4304,岩手県,岩手郡岩手町,子抱,4-9-4,,2017-03-27,1,A,3436
391,香川,利郎,カガワ,トシロウ,男,0192064030,toshirou7947@igsbyp.ag,028-8804,岩手県,九戸郡洋野町,帯島,3-20-10,,1988-08-26,29,O,1111
392,真野,麻耶,マノ,マヤ,女,0198997703,Maya_Mano@lecdpbfih.en,028-0142,岩手県,花巻市,東和町駒籠,2-5,東和町駒籠メゾン319,1993-02-11,25,B,6479
393,中林,敦子,ナカバヤシ,アツコ,女,0192141210,atsuko8159@pnqrjvnu.pus.nn,028-5316,岩手県,二戸郡一戸町,岩舘,1-20-16,岩舘コート113,2004-03-07,14,B,151
394,瀬尾,照雄,セオ,テルオ,男,019497013,teruo909@ktzrs.hnb,023-0816,岩手県,奥州市,水沢区西町,3-5-19,水沢区西町の杜219,2008-08-07,9,B,7034
395,栗本,果音,クリモト,カノン,女,0193061831,nkurimoto@jrbnvlaub.pgc,029-4346,岩手県,奥州市,衣川区豊巻,1-14,衣川区豊巻タウン405,1997-06-19,20,A,5486
396,神野,道子,カミノ,ミチコ,女,0197243017,michiko280@fcsfbhuxt.xq,029-4485,岩手県,奥州市,衣川区宝塔谷地,3-13,,2010-12-17,7,B,5347
397,浜田,春奈,ハマダ,ハルナ,女,0192565583,ppg-qzharuna1319@wppvwljbkl.fwcdi.qmf,028-6938,岩手県,二戸市,浄法寺町御山上平,1-15-6,,1999-03-25,19,B,5
398,中嶋,寧々,ナカジマ,ネネ,女,0194484502,enakajima@jjmcx.rh,021-0877,岩手県,一関市,城内,1-12-6,,1994-02-21,24,A,7873
399,坂井,力雄,サカイ,リキオ,男,0197065518,z-dmcuzvjrxk=tbrikio4920@ngipm.lo,023-0817,岩手県,奥州市,水沢区宮下町,2-1-16,水沢区宮下町プラザ102,1995-03-11,23,B,8867
400,奥野,亜沙美,オクノ,アサミ,女,0197047801,xionedm-wbd-fhasami1957@wdvqdyojj.pp,026-0051,岩手県,釜石市,礼ケ口町,4-12-9,フォレスト礼ケ口町202,2008-03-21,10,A,7822
401,南,均,ミナミ,ヒトシ,男,019783692,hitoshi09271@iwli.ji,028-5642,岩手県,下閉伊郡岩泉町,穴沢,3-1-4,,2014-01-08,4,A,8806
402,高山,菜緒,タカヤマ,ナオ,女,0194476099,otakayama@evotar.ldw.nmq,029-4206,岩手県,奥州市,前沢区裏新田,2-9-10,前沢区裏新田シーサイド303,2010-01-03,8,O,6507
403,宮地,沙弥,ミヤチ,サヤ,女,0197871353,saya2740@dzui.apy,021-0822,岩手県,一関市,東台,3-2,,2001-08-20,16,A,2412
404,塩見,義信,シオミ,ヨシノブ,男,0191769798,yoshinobu96894@dcksgevi.jd.cm,028-7906,岩手県,九戸郡洋野町,中野,4-2-15,グリーン中野311,1989-02-02,29,O,2794
405,稲田,敏男,イナダ,トシオ,男,0191020880,Toshio_Inada@flhenar.qxibr.htl,023-0822,岩手県,奥州市,水沢区東中通り,1-4,,2001-09-12,16,AB,9016
406,佐々木,優空,ササキ,ユラ,女,0193483867,yurasasaki@scbwylpvm.za,020-0113,岩手県,盛岡市,上田堤,1-1-3,,2006-03-12,12,B,1991
407,勝又,美由紀,カツマタ,ミユキ,女,0197538571,miyuki483@jxrjwcflzx.ers,029-4435,岩手県,奥州市,衣川区押切,3-17,,2013-12-23,4,O,4752
408,滋賀,佐和,シガ,サワ,女,0191495742,sawa4012@wdplzfzqem.xyl,028-5305,岩手県,二戸郡一戸町,月舘,3-15-14,キャッスル月舘212,2010-06-06,8,A,9111
409,加瀬,音々,カセ,ネネ,女,0193367720,nene9891@bdlec.yt,028-1371,岩手県,下閉伊郡山田町,船越,4-2-6,船越グリーン216,2005-07-09,12,B,157
410,和泉,佳織,イズミ,カオリ,女,0198159176,kaori02488@oftrjts.cp.ql,020-0826,岩手県,盛岡市,神子田町,2-18-9,,1999-02-13,19,O,9548
411,小山,佳奈子,オヤマ,カナコ,女,0196851629,kanakooyama@fctpvzii.ey.ieu,028-0302,岩手県,遠野市,宮守町上鱒沢,3-13-15,,2012-11-27,5,B,1048
412,岩崎,杏菜,イワサキ,アンナ,女,0191250001,amna_iwasaki@ffguhzi.tq,027-0026,岩手県,宮古市,上村,1-6-4,,2015-01-09,3,A,8786
413,堀井,揚子,ホリイ,ヨウコ,女,0191837869,youko274@bslfaoztj.lbo,028-7536,岩手県,八幡平市,打田内,3-14-10,,2004-11-27,13,B,7325
414,工藤,英治,クドウ,エイジ,男,0197616593,eiji33968@klfjsckn.evlb.wc,024-0094,岩手県,北上市,本通り,4-19,ロイヤル本通り204,2003-09-03,14,B,632
415,清野,長吉,キヨノ,チョウキチ,男,0191311518,choukichikiyono@nhasbw.kx,028-8402,岩手県,下閉伊郡田野畑村,明戸,1-14,,2009-01-03,9,A,9112
416,矢野,野乃花,ヤノ,ノノカ,女,0192150043,ayano@peepjhfs.oejbu.qw,025-0315,岩手県,花巻市,二枚橋町南,4-6-11,,2008-10-13,9,A,6733
417,宇田川,真奈,ウダガワ,マナ,女,019201975,mana55772@wnvrplmur.cto,028-6975,岩手県,二戸市,浄法寺町田余内,3-8-10,,1989-05-26,29,O,1305
418,宮崎,御喜家,ミヤザキ,ミキヤ,男,0193643636,mikiya6552@ogoouswall.wvgs.gdl,029-4205,岩手県,奥州市,前沢区六本松,4-20-18,,2008-04-19,10,O,4660
419,井田,清香,イダ,サヤカ,女,0194284369,sayaka_ida@xfmxdaz.pb,028-7536,岩手県,八幡平市,打田内,3-1-20,,1996-09-17,21,O,1382
420,三木,利彦,ミキ,トシヒコ,男,0190388715,omiki@uuwderkp.mae.unh,025-0006,岩手県,花巻市,下似内,4-17-19,下似内マンション110,2000-07-11,17,A,8563
421,勝又,彩子,カツマタ,アヤコ,女,019870429,ayako_katsumata@jzozh.do.yfn,027-0084,岩手県,宮古市,末広町,2-7-17,,1993-11-25,24,O,7409
422,佐野,光政,サノ,ミツマサ,男,0193793509,mitsumasa12214@dzctsexion.fj,029-1111,岩手県,一関市,千厩町奥玉,1-17-11,,2005-05-28,13,O,9255
423,森谷,凛乃,モリヤ,リノ,女,0198976785,rinomoriya@eeqsqhykug.hpl,029-5523,岩手県,和賀郡西和賀町,芦ケ沢７２地割,1-1,タワー芦ケ沢７２地割216,2008-03-05,10,B,7526
424,奥野,雄二郎,オクノ,ユウジロウ,男,0194474097,yuujirou10047@ghwh.fn,027-0313,岩手県,宮古市,田老駿達,4-9-16,田老駿達荘317,1992-01-07,26,A,6954
425,広瀬,文平,ヒロセ,ブンペイ,男,0190695460,bumpei6480@klrspsord.sum,029-4407,岩手県,奥州市,衣川区金成,4-7,パレス衣川区金成104,1997-09-23,20,O,3100
426,小野田,順,オノダ,ジュン,男,0198851705,jun462@kqujnftu.fg.bt,028-0143,岩手県,花巻市,東和町上浮田,2-3-3,,2003-09-12,14,B,9495
427,赤坂,花鈴,アカサカ,カリン,女,0192144168,karin6029@btcgmc.sf,025-0014,岩手県,花巻市,高松,2-6-17,,2004-03-13,14,O,4032
428,西谷,梨央,ニシタニ,リオ,女,019921891,rio_nishitani@cugzgerjql.mb,022-0002,岩手県,大船渡市,大船渡町,3-4-15,,1989-11-02,28,A,9920
429,大内,翠,オウウチ,ミドリ,女,0196990134,Midori_Ouuchi@chxtyhhoc.zg,029-4205,岩手県,奥州市,前沢区永沢,1-7-15,,2007-03-28,11,A,7126
430,木田,章,キダ,アキラ,男,0193362588,akira7592@bivmytkn.lyb,028-3307,岩手県,紫波郡紫波町,桜町,4-19,桜町マンション415,1993-09-10,24,B,8262
431,西田,翔子,ニシダ,ショウコ,女,0195072792,shoukonishida@geljjzf.ty,025-0025,岩手県,花巻市,下根子,4-16-5,,2002-07-14,15,A,5690
432,長瀬,舞衣,ナガセ,マイ,女,0192480615,mai_nagase@ncgdq.qz,025-0006,岩手県,花巻市,下似内,2-11-17,,2016-01-17,2,O,1742
433,相田,長平,アイダ,チョウヘイ,男,0198687433,chouheiaida@olqnfuulc.zw.ni,029-5513,岩手県,和賀郡西和賀町,本屋敷４８地割,1-6-1,パレス本屋敷４８地割203,1991-01-23,27,B,971
434,吉崎,利治,ヨシザキ,トシハル,男,0197590048,toshiharuyoshizaki@mbmaevlowj.lzp,028-3533,岩手県,紫波郡紫波町,赤沢,1-16,,1990-10-09,27,A,6422
435,増井,明里,マスイ,アカリ,女,0198862434,akari9795@vfgozcm.jdv,028-2711,岩手県,盛岡市,玉山区薮川,2-10-2,ハイツ玉山区薮川217,2000-04-17,18,A,177
436,児玉,円香,コダマ,マドカ,女,0191035621,madoka_kodama@qtdt.dqz.jt,029-4205,岩手県,奥州市,前沢区鵜ノ木,2-1,レジデンス前沢区鵜ノ木308,1993-01-12,25,A,7598
437,村松,優那,ムラマツ,ユウナ,女,0196957137,Yuuna_Muramatsu@kedgacz.yop.ytu,028-7505,岩手県,八幡平市,岩屋,3-2,,1997-04-13,21,AB,8281
438,広川,環,ヒロカワ,タマキ,女,0199428431,vscdecrl-cpgtamaki69795@ckglgp.lqt,028-5712,岩手県,二戸市,野々上,4-20,ガーデン野々上417,1998-10-13,19,A,6102
439,宇野,音々,ウノ,ネネ,女,0194003548,Nene_Uno@qrduqcfnv.ums,027-0302,岩手県,宮古市,田老田中,3-8-5,,1998-03-05,20,O,2029
440,奥村,重治,オクムラ,シゲハル,男,0198769112,shigeharu785@mxjdujj.yue.qo,024-0045,岩手県,北上市,湯沢,1-9,,2009-03-02,9,O,8450
441,海野,欽也,ウミノ,キンヤ,男,0197805533,kinya683@xmbtq.ou,028-6815,岩手県,二戸市,浄法寺町八方口,3-5-16,浄法寺町八方口ロイヤルパレス219,2008-07-08,9,AB,9442
442,北尾,哲男,キタオ,テツオ,男,0197838517,tetsuo98743@byfvqa.wziq.uy,028-6834,岩手県,二戸市,浄法寺町細田,4-12,,1991-07-22,26,O,61
443,熊谷,佳代,クマガヤ,カヨ,女,0198242727,kayo5196@qfqzaoaya.jsq,029-4382,岩手県,奥州市,衣川区関袋,1-11-10,,2009-01-28,9,A,8942
444,平原,美玖,ヒラハラ,ミク,女,0197571371,miku7575@xmpaz.ktic.tip,020-0536,岩手県,岩手郡雫石町,八卦,1-1,八卦ランド113,1992-11-17,25,O,2150
445,本郷,涼香,ホンゴウ,スズカ,女,0192847752,suzuka228@pkxh.vr,028-6933,岩手県,二戸市,浄法寺町御山上野,1-11-11,,2000-06-20,17,A,9953
446,熊倉,楓,クマクラ,カエデ,女,0193087802,kaede651@lyhcfrh.fb,020-0131,岩手県,盛岡市,中堤町,2-17-8,,2018-02-01,0,B,9722
447,橘,寧々,タチバナ,ネネ,女,0194822277,nene308@eeegswy.lg,020-0813,岩手県,盛岡市,東山,1-18-9,タワー東山306,1990-12-03,27,O,5511
448,森山,市郎,モリヤマ,イチロウ,男,0197271482,umoriyama@wuilrzincf.bmwyt.zof,028-7533,岩手県,八幡平市,叺田,2-5-13,,2012-02-20,6,A,8536
449,江成,千里,エナリ,チサト,女,0192037412,oenari@fqhoedng.jy.ysy,023-1123,岩手県,奥州市,江刺区前田町,2-4-3,,2018-05-26,0,O,4008
450,国分,敏嗣,コクブ,トシツグ,男,0195346156,toshitsugu4303@ebor.ilo.tlb,028-3201,岩手県,花巻市,大迫町内川目,4-7-17,大迫町内川目グリーン405,2008-02-19,10,AB,4471
451,荻原,翔太,オギワラ,ショウタ,男,0194952747,shouta638@lgdszpnouz.mwjk.yfn,022-0004,岩手県,大船渡市,猪川町,1-1-11,,2002-10-02,15,O,3863
452,古山,武,フルヤマ,タケシ,男,0197444057,takeshi069@dcld.qbt.hd,028-7552,岩手県,八幡平市,安代寄木,3-16,安代寄木タウン206,2012-06-08,6,A,4119
453,冨田,節男,トミタ,セツオ,男,0194298818,setsuo71535@apmlwtxx.sg,028-0122,岩手県,花巻市,東和町谷内,3-16,,2009-12-29,8,B,9274
454,谷村,優衣,タニムラ,ユイ,女,0195167837,yui1243@jncodgyd.avz,025-0311,岩手県,花巻市,卸町,2-17,,2012-05-01,6,O,3775
455,勝又,華音,カツマタ,カノン,女,0195334308,kanon0171@bgkmmo.eub,028-0032,岩手県,久慈市,寺里,4-13-5,,1988-08-25,29,A,7117
456,沢田,遥華,サワダ,ハルカ,女,0198916335,asawada@ezcztvfz.yds,028-0013,岩手県,久慈市,京の森,2-2,京の森フォレスト317,1995-04-19,23,O,9683
457,赤松,佐知子,アカマツ,サチコ,女,0195603546,oakamatsu@dvajg.iqt.nh,025-0324,岩手県,花巻市,小瀬川,1-15,ガーデン小瀬川215,2006-09-10,11,A,5323
458,田島,麗子,タジマ,レイコ,女,0197428541,reiko10177@tvtpghxsb.tcw,020-0064,岩手県,盛岡市,梨木町,3-13-4,梨木町ハイツ100,1992-06-13,26,O,2203
459,松田,久道,マツダ,ヒサミチ,男,0198824316,Hisamichi_Matsuda@dfgztij.gx,020-0114,岩手県,盛岡市,高松,3-20-13,高松ロイヤル407,2014-09-07,3,O,4320
460,妹尾,秀之,セノオ,ヒデユキ,男,0197021566,hideyuki_senoo@hftxjthswh.et,028-8401,岩手県,下閉伊郡田野畑村,滝ノ沢,2-8-4,,2004-11-18,13,AB,952
461,菅井,小百合,スガイ,サユリ,女,0192271718,sayuri_sugai@wmanuqnn.vho.rrz,028-0066,岩手県,久慈市,中の橋,2-3-13,,2007-10-10,10,B,6791
462,中井,雅敏,ナカイ,マサトシ,男,0197597232,waxintrkgfmasatoshi327@urxwiwdsr.hed,029-4204,岩手県,奥州市,前沢区長檀,4-9-1,前沢区長檀キャッスル118,2012-05-13,6,O,2394
463,乾,幸彦,イヌイ,ユキヒコ,男,0197228948,yukihiko84498@etgqdtlo.sj,025-0046,岩手県,花巻市,鍋倉,3-2-15,,1989-08-01,28,O,3513
464,塩崎,美奈子,シオザキ,ミナコ,女,019518000,Minako_Shiozaki@awsfctpw.zkn,028-0551,岩手県,遠野市,土淵町栃内,4-20-1,,2013-05-08,5,O,7233
465,越智,絢香,オチ,アヤカ,女,0197527596,ayaka106@vyzgt.gbnvs.sj,028-2231,岩手県,下閉伊郡岩泉町,浅内,4-9-6,,1990-08-25,27,B,7634
466,高倉,優希,タカクラ,ユウキ,女,0193176874,itakakura@ojckn.ta,027-0085,岩手県,宮古市,黒田町,4-15-16,黒田町レジデンス307,1988-10-28,29,B,222
467,西沢,結愛,ニシザワ,ユア,女,019888826,yua_nishizawa@vcozerdb.dnawe.yii,028-0105,岩手県,花巻市,東和町前田,2-14,ザ東和町前田215,1995-07-09,22,A,9363
468,吉澤,美枝子,ヨシザワ,ミエコ,女,0198941942,mieko6392@wnormv.ghpwz.zjv,028-6838,岩手県,二戸市,浄法寺町向田,2-20-16,浄法寺町向田プラチナ102,1993-04-18,25,B,1215
469,瀬川,由貴,セガワ,ユキ,女,0199749150,yuki540@hdkaxgjp.ys,028-6885,岩手県,二戸市,浄法寺町森越,1-11-3,,2007-06-11,11,A,6403
470,相田,美菜,アイダ,ミナ,女,0191904589,Mina_Aida@sbxjs.wkt,028-0101,岩手県,花巻市,東和町北前田,2-17-9,東和町北前田ヒル100,1995-07-07,22,O,9580
471,小畑,日向,オバタ,ヒナタ,女,0199437860,hinataobata@pghnzqxk.tvjzz.bg,024-0104,岩手県,北上市,二子町,3-9-3,二子町タウン110,1997-02-25,21,B,3050
472,滝本,照,タキモト,テル,女,0193969583,teru016@bajjogob.xn,028-7673,岩手県,八幡平市,殿坂下タ,4-19-13,殿坂下タタワー307,1989-07-09,28,A,9950
473,磯崎,真哉,イソザキ,シンヤ,男,0190238185,shinya24149@hrttsnm.qql,020-0886,岩手県,盛岡市,若園町,3-1-16,,1999-01-16,19,O,6744
474,土橋,将文,ツチハシ,マサフミ,男,0191371451,yeqxvlonzlmasafumi6785@hfnrhalmkt.hb,028-7602,岩手県,八幡平市,丑山,3-13,丑山ヒル210,1994-07-16,23,A,5955
475,猪俣,奏,イノマタ,カナデ,女,0190252057,Kanade_Inomata@cyzk.wy,029-5621,岩手県,和賀郡西和賀町,沢内鍵飯,2-3-15,,1992-09-12,25,A,1918
476,平川,一路,ヒラカワ,カズミチ,男,0195563783,kazumichi_hirakawa@uiiqtyex.km.ub,023-0025,岩手県,奥州市,水沢区高網,2-8-11,,2014-07-06,3,AB,3554
477,新田,十三,ニッタ,ジュウゾウ,男,0194626938,juuzounitta@sevneaf.ipy,028-6845,岩手県,二戸市,浄法寺町漆沢上前田,2-8-11,,1996-01-25,22,A,6738
478,松下,里穂,マツシタ,リホ,女,0199082092,Riho_Matsushita@ewzszoqhso.bv,025-0061,岩手県,花巻市,本館,4-12,キャッスル本館418,1991-05-09,27,O,1935
479,門田,彩音,カドタ,アヤネ,女,0194578238,ayane_kadota@ujwmkerxqq.cd,026-0011,岩手県,釜石市,港町,4-14-19,港町の杜211,2015-03-31,3,AB,9163
480,国分,和佳子,コクブ,ワカコ,女,019356461,wakako_kokubu@qcvvp.lic.rp,025-0036,岩手県,花巻市,中根子,1-10,,1996-12-06,21,O,6611
481,飯塚,桃佳,イイヅカ,モモカ,女,0191983361,momoka36469@yzwt.dh,020-0862,岩手県,盛岡市,東仙北,4-18-3,,1988-11-05,29,A,1081
482,宮下,富士雄,ミヤシタ,フジオ,男,0190900620,kvvokgi-uzpbfujio792@spuhb.oq,028-7601,岩手県,八幡平市,田沢,2-6,,1991-10-21,26,B,4144
483,相田,菜那,アイダ,ナナ,女,0194709715,nana_aida@icpsmk.kka,021-0843,岩手県,一関市,深町,2-11-9,,2012-09-23,5,A,8849
484,大谷,浩,オオヤ,ヒロシ,男,0193328820,Hiroshi_Ooya@powcqz.ip,020-0404,岩手県,盛岡市,大ケ生,2-7-18,,1999-04-13,19,A,6359
485,竹内,晃,タケウチ,アキラ,男,0199989277,akira0245@cqejvqale.wsf,023-0853,岩手県,奥州市,水沢区東上野町,2-7-15,,1993-10-11,24,A,8745
486,真野,雄也,マノ,ユウヤ,男,0197940796,yuuya_mano@bwbnl.lcx,029-5523,岩手県,和賀郡西和賀町,芦ケ沢７２地割,3-7-18,グランド芦ケ沢７２地割407,2012-08-14,5,O,6115
487,沢,真琴,サワ,マコト,女,0195734414,makoto250@vligpxe.mmpok.qv,029-5701,岩手県,和賀郡西和賀町,沢内川舟,1-19-8,,2004-01-11,14,O,3880
488,小池,蒼衣,コイケ,アオイ,女,0198034717,aoi170@xnrcu.hqc,025-0092,岩手県,花巻市,大通り,4-10-18,大通りの杜200,2004-05-22,14,B,4015
489,高谷,結羽,コウヤ,ユウ,女,019858370,yuu_kouya@pslsrhc.xd,028-5713,岩手県,二戸市,釜沢,2-11,釜沢ヒル409,2005-10-14,12,A,3602
490,葛西,芳久,カサイ,ヨシヒサ,男,0193441553,yoshihisa_kasai@yssskut.jwo,020-0523,岩手県,岩手郡雫石町,根堀,4-1-2,グランド根堀300,2015-06-17,2,AB,177
491,坂井,美緒,サカイ,ミオ,女,0196598081,mio4470@ncxy.qjd,029-4494,岩手県,奥州市,衣川区楢原山,2-3-7,コンフォート衣川区楢原山215,2003-09-05,14,A,6065
492,相馬,正光,ソウマ,マサミツ,男,0193913075,masamitsu_souma@deaf.vqp,025-0301,岩手県,花巻市,北湯口,4-18,北湯口メゾン206,1990-10-01,27,A,1954
493,坂東,広司,バンドウ,ヒロシ,男,0197561515,Hiroshi_Bandou@bjzvnr.oga,029-3521,岩手県,東磐井郡藤沢町,保呂羽,1-16-6,,1991-11-23,26,A,2277
494,高山,勇一,タカヤマ,ユウイチ,男,0194144459,yuuichitakayama@qthkemitx.zkj,021-0885,岩手県,一関市,田村町,1-9,,2015-10-20,2,O,229
495,下田,彩夏,シモダ,サイカ,女,0191256563,saika36985@ovjlbumgxf.cw,028-5302,岩手県,二戸郡一戸町,女鹿,1-3-13,女鹿コンフォート410,2013-04-09,5,A,2766
496,菊池,卓也,キクチ,タクヤ,男,0192420556,takuya012@ofjnz.wmvf.pq,021-0853,岩手県,一関市,相去,3-20-7,,2009-01-06,9,O,2491
497,大宮,忠志,オオミヤ,タダシ,男,0198769576,b=cfkyfpjztadashi91788@dwizzk.gll,023-0867,岩手県,奥州市,水沢区大橋,4-13-13,水沢区大橋ゴールデン215,2004-07-15,13,A,3511
498,神崎,弓子,カンザキ,ユミコ,女,0193711128,yumiko746@grlsag.ja,023-0086,岩手県,奥州市,水沢区谷地中,4-14-16,ザ水沢区谷地中103,2008-08-08,9,O,7636
499,藤川,昭夫,フジカワ,アキオ,男,0194789457,akio91530@rigzjd.jjm,023-0093,岩手県,奥州市,水沢区水神,3-1-8,,2008-02-27,10,AB,4730
500,松田,治郎,マツダ,ジロウ,男,0195266542,Jirou_Matsuda@pczz.qet,029-4496,岩手県,奥州市,衣川区真打,4-3-15,衣川区真打グランド203,2013-04-30,5,B,4334
